work_id,title,first_publish_year,edition_count,author_key,author_name_catalogue,author_count,language_count,languages,collected_at,url,author_name_verified,author_revision,author_modified_at,author_url,author_matched
/works/OL10056472W,Bioinformatics Programming in Python,1991,4,OL4037358A,Ruediger-Marcus Flaig,1,1,eng,2026-10-07T14:33:38.799303+00:00,https://openlibrary.org/works/OL10056472W,Ruediger-Marcus Flaig,1,2008-04-30T20:50:18.033121+00:00,https://openlibrary.org/authors/OL4037358A,True
/works/OL1033722W,XML Processing with Python,2000,2,OL100618A,Sean McGrath,1,1,eng,2026-10-07T14:33:38.799303+00:00,https://openlibrary.org/works/OL1033722W,Sean McGrath,2,2008-09-08T16:24:07.101641+00:00,https://openlibrary.org/authors/OL100618A,True
/works/OL10538818W,The life of Python,1986,2,OL4374464A,George Perry,1,1,eng,2026-10-07T14:33:38.799303+00:00,https://openlibrary.org/works/OL10538818W,George Perry,1,2008-08-31T16:24:43.636541+00:00,https://openlibrary.org/authors/OL4374464A,True
/works/OL106747W,Python scripting for computational science,2004,2,OL20350A,Hans Petter Langtangen,1,1,eng,2026-10-07T14:33:38.799303+00:00,https://openlibrary.org/works/OL106747W,Hans Petter Langtangen,2,2008-09-11T08:24:11.737778+00:00,https://openlibrary.org/authors/OL20350A,True
/works/OL11791152W,Python for bioinformatics,2009,1,OL5024556A,Jason M. Kinser,1,1,eng,2026-10-07T14:33:38.799303+00:00,https://openlibrary.org/works/OL11791152W,Jason M. Kinser,1,2008-09-24T01:30:22.312848+00:00,https://openlibrary.org/authors/OL5024556A,True
/works/OL12103779W,Game development essentials,2007,2,OL5243960A,John Ahlquist,3,1,eng,2026-10-07T14:33:38.799303+00:00,https://openlibrary.org/works/OL12103779W,John Ahlquist,1,2008-09-28T04:02:38.195030+00:00,https://openlibrary.org/authors/OL5243960A,True
/works/OL12252560W,The complete Fawlty Towers,1988,2,OL912170A,John Cleese,1,1,eng,2026-10-07T14:33:38.799303+00:00,https://openlibrary.org/works/OL12252560W,John Cleese,7,2025-08-27T03:23:09.432634+00:00,https://openlibrary.org/authors/OL912170A,True
/works/OL12381655W,Python and Tkinter programming,1999,1,OL5445667A,John E. Grayson,1,1,eng,2026-10-07T14:33:38.799303+00:00,https://openlibrary.org/works/OL12381655W,John E. Grayson,1,2008-10-15T19:05:00.106805+00:00,https://openlibrary.org/authors/OL5445667A,True
/works/OL12409294W,Core Python programming,2006,2,OL5465970A,Wesley Chun,1,1,eng,2026-10-07T14:33:38.799303+00:00,https://openlibrary.org/works/OL12409294W,Wesley Chun,2,2020-10-09T05:44:46.181497+00:00,https://openlibrary.org/authors/OL5465970A,True
/works/OL13257289W,Object-oriented programming in Python,2007,3,OL6161344A,Michael H Goldwasser,2,1,eng,2026-10-07T14:33:38.799303+00:00,https://openlibrary.org/works/OL13257289W,Michael H Goldwasser,3,2020-01-09T20:05:54.704587+00:00,https://openlibrary.org/authors/OL6161344A,True
/works/OL13301932W,Python,2008,3,OL6201322A,Jim Knowlton,1,1,eng,2026-10-07T14:33:38.799303+00:00,https://openlibrary.org/works/OL13301932W,Jim Knowlton,1,2008-10-31T20:26:50.303196+00:00,https://openlibrary.org/authors/OL6201322A,True
/works/OL13590691W,Beginning Python,2005,2,OL6450930A,"Lie Hetland, Magnus",1,1,eng,2026-10-07T14:33:38.799303+00:00,https://openlibrary.org/works/OL13590691W,"Lie Hetland, Magnus",1,2008-11-14T04:40:10.444318+00:00,https://openlibrary.org/authors/OL6450930A,True
/works/OL13600452W,Python web development with Django,2009,2,OL6460037A,Jeff Forcier,1,1,eng,2026-10-07T14:33:38.799303+00:00,https://openlibrary.org/works/OL13600452W,Jeff Forcier,1,2008-11-15T13:15:54.088389+00:00,https://openlibrary.org/authors/OL6460037A,True
/works/OL13691702W,Data structures and algorithms using Python and C++,2009,1,OL6546118A,David M. Reed,1,1,eng,2026-10-07T14:33:38.799303+00:00,https://openlibrary.org/works/OL13691702W,David M. Reed,1,2009-01-07T18:08:30.840397+00:00,https://openlibrary.org/authors/OL6546118A,True
/works/OL13755386W,Learn to program using Python,2001,1,OL6596465A,Alan Gauld,1,1,eng,2026-10-07T14:33:38.799303+00:00,https://openlibrary.org/works/OL13755386W,Alan Gauld,1,2009-03-02T11:37:23.453295+00:00,https://openlibrary.org/authors/OL6596465A,True
/works/OL13763256W,Pacify me,2009,2,OL6605148A,Chris Mancini,1,1,eng,2026-10-07T14:33:38.799303+00:00,https://openlibrary.org/works/OL13763256W,Chris Mancini,1,2009-05-14T04:20:27.305077+00:00,https://openlibrary.org/authors/OL6605148A,True
/works/OL13766685W,Gray hat Python,2009,2,OL6608409A,Justin Seitz,1,2,ger;eng,2026-10-07T14:33:38.799303+00:00,https://openlibrary.org/works/OL13766685W,Justin Seitz,2,2024-03-03T16:07:37.780228+00:00,https://openlibrary.org/authors/OL6608409A,True
/works/OL13783928W,Financial modeling in Python,2009,1,OL6624997A,Shayne Fletcher,1,1,eng,2026-10-07T14:33:38.799303+00:00,https://openlibrary.org/works/OL13783928W,Shayne Fletcher,1,2009-05-27T17:36:07.823559+00:00,https://openlibrary.org/authors/OL6624997A,True
/works/OL13820746W,Python,2009,3,OL6691858A,Toby Donaldson,1,1,eng,2026-10-07T14:33:38.799303+00:00,https://openlibrary.org/works/OL13820746W,Toby Donaldson,1,2009-07-22T04:53:01.023225+00:00,https://openlibrary.org/authors/OL6691858A,True
/works/OL14873289W,Python Cookbook,2002,7,OL1521655A,Alex Martelli,4,1,eng,2026-10-07T14:33:38.799303+00:00,https://openlibrary.org/works/OL14873289W,Alex Martelli,2,2008-09-03T23:16:48.992097+00:00,https://openlibrary.org/authors/OL1521655A,True
/works/OL14940051W,Natural Language Processing With Python,2009,6,OL6770736A,Edward Loper,3,1,eng,2026-10-07T14:33:38.799303+00:00,https://openlibrary.org/works/OL14940051W,Edward Loper,1,2009-12-22T17:43:59.417378+00:00,https://openlibrary.org/authors/OL6770736A,True
/works/OL14947004W,Pythons' Autobiography by the Pythons,2003,18,OL2693119A,Monty Python,9,2,eng;und,2026-10-07T14:33:38.799303+00:00,https://openlibrary.org/works/OL14947004W,Monty Python,6,2025-08-27T17:06:48.883483+00:00,https://openlibrary.org/authors/OL2693119A,True
/works/OL14988875W,Professional Python Frameworks,2007,2,OL246610A,William Wright,1,1,eng,2026-10-07T14:33:38.799303+00:00,https://openlibrary.org/works/OL14988875W,William Wright,3,2008-09-26T16:55:33.158769+00:00,https://openlibrary.org/authors/OL246610A,True
/works/OL15078486W,The Fairly Incomplete and Rather Badly Illustrated Monty Python Song Book,1994,3,OL1820519A,Graham Chapman,1,1,eng,2026-10-07T14:33:38.799303+00:00,https://openlibrary.org/works/OL15078486W,Graham Chapman,9,2025-08-27T03:22:56.397666+00:00,https://openlibrary.org/authors/OL1820519A,True
/works/OL15120665W,The Complete Python Training Course,2002,2,OL2648839A,Paul J. Deitel,1,1,eng,2026-10-07T14:33:38.799303+00:00,https://openlibrary.org/works/OL15120665W,Paul J. Deitel,7,2026-07-11T11:05:47.070633+00:00,https://openlibrary.org/authors/OL2648839A,True
/works/OL15120680W,Python How to Program Part A and Part B,2002,2,OL2648839A,Paul J. Deitel,1,1,eng,2026-10-07T14:33:38.799303+00:00,https://openlibrary.org/works/OL15120680W,Paul J. Deitel,7,2026-07-11T11:05:47.070633+00:00,https://openlibrary.org/authors/OL2648839A,True
/works/OL15178080W,Python for Software Design,2009,1,OL6815485A,Allen B. Downey,1,1,eng,2026-10-07T14:33:38.799303+00:00,https://openlibrary.org/works/OL15178080W,Allen B. Downey,4,2022-10-19T05:24:47.037637+00:00,https://openlibrary.org/authors/OL6815485A,True
/works/OL15181426W,Beginning Python,2010,6,OL13209737A,James R. Payne,1,1,eng,2026-10-07T14:33:38.799303+00:00,https://openlibrary.org/works/OL15181426W,James R. Payne,2,2023-09-19T19:17:01.880655+00:00,https://openlibrary.org/authors/OL13209737A,True
/works/OL15191590W,Beginning Python,2005,3,OL6820573A,Peter C Norton,6,1,eng,2026-10-07T14:33:38.799303+00:00,https://openlibrary.org/works/OL15191590W,Peter C Norton,1,2010-07-01T06:26:34.681755+00:00,https://openlibrary.org/authors/OL6820573A,True
/works/OL15348139W,Creative Technologies,2012,1,OL3671879A,Geoff Potter,1,1,eng,2026-10-07T14:33:38.799303+00:00,https://openlibrary.org/works/OL15348139W,Geoff Potter,5,2014-04-19T00:54:34.460941+00:00,https://openlibrary.org/authors/OL3671879A,True
/works/OL15398994W,Getting Started with Pyparsing,2007,1,OL6830101A,Paul McGuire,1,1,eng,2026-10-07T14:33:38.799303+00:00,https://openlibrary.org/works/OL15398994W,Paul McGuire,2,2010-10-07T21:39:23.869301+00:00,https://openlibrary.org/authors/OL6830101A,True
/works/OL15444238W,Explorations in computing,2010,12,OL1194067A,John S. Conery,1,1,eng,2026-10-07T14:33:38.799303+00:00,https://openlibrary.org/works/OL15444238W,John S. Conery,2,2008-08-18T20:47:52.922147+00:00,https://openlibrary.org/authors/OL1194067A,True
/works/OL15453913W,Pro Django,2009,4,OL6842967A,Marty Alchin,1,1,eng,2026-10-07T14:33:38.799303+00:00,https://openlibrary.org/works/OL15453913W,Marty Alchin,1,2010-11-11T04:38:52.454142+00:00,https://openlibrary.org/authors/OL6842967A,True
/works/OL15470915W,The practice of computing using Python,2011,1,OL6772731A,W. F. Punch,1,1,eng,2026-10-07T14:33:38.799303+00:00,https://openlibrary.org/works/OL15470915W,W. F. Punch,1,2009-12-31T01:23:35.997765+00:00,https://openlibrary.org/authors/OL6772731A,True
/works/OL15505577W,After the Software Wars,2009,1,OL723489A,Keith Curtis,1,1,eng,2026-10-07T14:33:38.799303+00:00,https://openlibrary.org/works/OL15505577W,Keith Curtis,6,2010-11-29T21:58:16.255729+00:00,https://openlibrary.org/authors/OL723489A,True
/works/OL15525966W,Django,2010,1,OL29435A,Steven Holzner,1,1,eng,2026-10-07T14:33:38.799303+00:00,https://openlibrary.org/works/OL15525966W,Steven Holzner,3,2011-02-23T06:13:48.627670+00:00,https://openlibrary.org/authors/OL29435A,True
/works/OL15537389W,Python programming,2010,1,OL1518186A,John M. Zelle,1,1,eng,2026-10-07T14:33:38.799303+00:00,https://openlibrary.org/works/OL15537389W,John M. Zelle,2,2008-09-03T22:52:59.056957+00:00,https://openlibrary.org/authors/OL1518186A,True
/works/OL15557593W,Head First Programming,2009,5,OL6867889A,Paul Barry,2,2,ger;eng,2026-10-07T14:33:38.799303+00:00,https://openlibrary.org/works/OL15557593W,Paul Barry,3,2023-12-08T19:55:11.946886+00:00,https://openlibrary.org/authors/OL6867889A,True
/works/OL15557721W,Pro IronPython,2009,2,OL1687515A,Alan Harris,1,1,eng,2026-10-07T14:33:38.799303+00:00,https://openlibrary.org/works/OL15557721W,Alan Harris,2,2008-08-31T04:44:52.714791+00:00,https://openlibrary.org/authors/OL1687515A,True
/works/OL15563910W,Python for Unix and Linux System Administration,2008,3,OL6868508A,Noah Gift,1,1,eng,2026-10-07T14:33:38.799303+00:00,https://openlibrary.org/works/OL15563910W,Noah Gift,1,2010-12-09T03:32:57.911089+00:00,https://openlibrary.org/authors/OL6868508A,True
/works/OL15564332W,Practical programming an introduction to computer science using python,2011,1,OL6868536A,Jennifer Campbell,2,1,eng,2026-10-07T14:33:38.799303+00:00,https://openlibrary.org/works/OL15564332W,Jennifer Campbell,1,2010-12-09T04:15:24.535775+00:00,https://openlibrary.org/authors/OL6868536A,True
/works/OL15596175W,Python for bioinformatics,2010,1,OL3871440A,Sebastian Bassi,1,1,eng,2026-10-07T14:33:38.799303+00:00,https://openlibrary.org/works/OL15596175W,Sebastian Bassi,1,2008-04-30T20:50:18.033121+00:00,https://openlibrary.org/authors/OL3871440A,True
/works/OL15611338W,Python for bioinformatics,2010,1,OL3871440A,Sebastian Bassi,1,1,eng,2026-10-07T14:33:38.799303+00:00,https://openlibrary.org/works/OL15611338W,Sebastian Bassi,1,2008-04-30T20:50:18.033121+00:00,https://openlibrary.org/authors/OL3871440A,True
/works/OL15664278W,Head First Python,2010,9,OL6867889A,Paul Barry,1,3,ger;eng;chi,2026-10-07T14:33:38.799303+00:00,https://openlibrary.org/works/OL15664278W,Paul Barry,3,2023-12-08T19:55:11.946886+00:00,https://openlibrary.org/authors/OL6867889A,True
/works/OL15667639W,Mining the Social Web,2011,9,OL6887918A,Matthew A. Russell,1,1,eng,2026-10-07T14:33:38.799303+00:00,https://openlibrary.org/works/OL15667639W,Matthew A. Russell,2,2021-10-10T02:03:46.269168+00:00,https://openlibrary.org/authors/OL6887918A,True
/works/OL15748423W,Practical Django Projects,2008,2,OL6899248A,James Bennett,1,0,,2026-10-07T14:33:38.799303+00:00,https://openlibrary.org/works/OL15748423W,James Bennett,1,2011-06-19T19:54:33.391800+00:00,https://openlibrary.org/authors/OL6899248A,True
/works/OL15842752W,Fawlty Towers,1977,1,OL912170A,John Cleese,1,1,eng,2026-10-07T14:33:38.799303+00:00,https://openlibrary.org/works/OL15842752W,John Cleese,7,2025-08-27T03:23:09.432634+00:00,https://openlibrary.org/authors/OL912170A,True
/works/OL15975103W,Methods in medical informatics,2011,2,OL2844497A,Jules J. Berman,1,1,eng,2026-10-07T14:33:38.799303+00:00,https://openlibrary.org/works/OL15975103W,Jules J. Berman,1,2008-04-29T15:03:11.581851+00:00,https://openlibrary.org/authors/OL2844497A,True
/works/OL15983380W,Bioinformatics programming using Python,2009,3,OL718824A,Mitchell L. Model,1,1,eng,2026-10-07T14:33:38.799303+00:00,https://openlibrary.org/works/OL15983380W,Mitchell L. Model,2,2008-08-27T09:36:45.126583+00:00,https://openlibrary.org/authors/OL718824A,True
/works/OL15991205W,Starting out with Python,2012,1,OL1427519A,Tony Gaddis,1,1,eng,2026-10-07T14:33:38.799303+00:00,https://openlibrary.org/works/OL15991205W,Tony Gaddis,3,2018-04-26T01:17:42.902020+00:00,https://openlibrary.org/authors/OL1427519A,True
/works/OL16010084W,SPSS for dummies,2010,1,OL2730991A,Arthur Griffith,1,1,eng,2026-10-07T14:33:38.799303+00:00,https://openlibrary.org/works/OL16010084W,Arthur Griffith,1,2008-04-29T13:35:46.876380+00:00,https://openlibrary.org/authors/OL2730991A,True
/works/OL16028395W,The complete Monty Python's flying circus,1989,1,OL1820519A,Graham Chapman,1,1,eng,2026-10-07T14:33:38.799303+00:00,https://openlibrary.org/works/OL16028395W,Graham Chapman,9,2025-08-27T03:22:56.397666+00:00,https://openlibrary.org/authors/OL1820519A,True
/works/OL16064211W,Fawlty Towers,1977,4,OL912170A,John Cleese,2,1,eng,2026-10-07T14:33:38.799303+00:00,https://openlibrary.org/works/OL16064211W,John Cleese,7,2025-08-27T03:23:09.432634+00:00,https://openlibrary.org/authors/OL912170A,True
/works/OL16112114W,Python fundamentals,2009,1,OL5465970A,Wesley Chun,1,1,eng,2026-10-07T14:33:38.799303+00:00,https://openlibrary.org/works/OL16112114W,Wesley Chun,2,2020-10-09T05:44:46.181497+00:00,https://openlibrary.org/authors/OL5465970A,True
/works/OL16120889W,A primer on scientific programming with Python,2009,2,OL20350A,Hans Petter Langtangen,1,1,eng,2026-10-07T14:33:38.799303+00:00,https://openlibrary.org/works/OL16120889W,Hans Petter Langtangen,2,2008-09-11T08:24:11.737778+00:00,https://openlibrary.org/authors/OL20350A,True
/works/OL16126223W,Maya Python for games and film,2011,5,OL6988126A,Adam Mechtley,1,1,eng,2026-10-07T14:33:38.799303+00:00,https://openlibrary.org/works/OL16126223W,Adam Mechtley,1,2011-10-21T20:27:35.576264+00:00,https://openlibrary.org/authors/OL6988126A,True
/works/OL16127158W,Python Algorithms,2010,4,OL3116228A,Magnus Lie Hetland,1,1,eng,2026-10-07T14:33:38.799303+00:00,https://openlibrary.org/works/OL16127158W,Magnus Lie Hetland,1,2008-04-30T09:38:13.731961+00:00,https://openlibrary.org/authors/OL3116228A,True
/works/OL16141839W,The Python standard library by example,2011,2,OL6995475A,Doug Hellmann,1,1,eng,2026-10-07T14:33:38.799303+00:00,https://openlibrary.org/works/OL16141839W,Doug Hellmann,1,2011-10-22T04:04:54.510447+00:00,https://openlibrary.org/authors/OL6995475A,True
/works/OL16163881W,Python 3 for absolute beginners,2009,2,OL5746003A,Tim Hall,1,1,eng,2026-10-07T14:33:38.799303+00:00,https://openlibrary.org/works/OL16163881W,Tim Hall,1,2008-10-22T15:30:40.796050+00:00,https://openlibrary.org/authors/OL5746003A,True
/works/OL16163882W,Python 3 for absolute beginners,2009,1,OL5746003A,Tim Hall,1,1,eng,2026-10-07T14:33:38.799303+00:00,https://openlibrary.org/works/OL16163882W,Tim Hall,1,2008-10-22T15:30:40.796050+00:00,https://openlibrary.org/authors/OL5746003A,True
/works/OL16176954W,Pro Python,2010,5,OL6842967A,Marty Alchin,1,1,eng,2026-10-07T14:33:38.800327+00:00,https://openlibrary.org/works/OL16176954W,Marty Alchin,1,2010-11-11T04:38:52.454142+00:00,https://openlibrary.org/authors/OL6842967A,True
/works/OL16188986W,Data structures and algorithms using Python,2011,1,OL7017980A,Rance D. Necaise,1,1,eng,2026-10-07T14:33:38.800327+00:00,https://openlibrary.org/works/OL16188986W,Rance D. Necaise,1,2011-10-23T18:35:45.572278+00:00,https://openlibrary.org/authors/OL7017980A,True
/works/OL16223034W,Think Stats,2011,8,OL6815485A,Allen B. Downey,1,1,eng,2026-10-07T14:33:38.800327+00:00,https://openlibrary.org/works/OL16223034W,Allen B. Downey,4,2022-10-19T05:24:47.037637+00:00,https://openlibrary.org/authors/OL6815485A,True
/works/OL16299783W,Code in the cloud,2011,1,OL7040436A,Mark C. Chu-Carroll,1,1,eng,2026-10-07T14:33:38.800327+00:00,https://openlibrary.org/works/OL16299783W,Mark C. Chu-Carroll,1,2011-11-23T09:36:29.159153+00:00,https://openlibrary.org/authors/OL7040436A,True
/works/OL16300853W,Dive into Python 3,2009,1,OL1438224A,Mark Pilgrim,1,1,eng,2026-10-07T14:33:38.800327+00:00,https://openlibrary.org/works/OL16300853W,Mark Pilgrim,2,2008-09-05T19:32:06.007620+00:00,https://openlibrary.org/authors/OL1438224A,True
/works/OL16318629W,If you like Monty Python,2011,4,OL7045075A,Zack Handlen,1,1,eng,2026-10-07T14:33:38.800327+00:00,https://openlibrary.org/works/OL16318629W,Zack Handlen,1,2011-12-07T10:05:31.280803+00:00,https://openlibrary.org/authors/OL7045075A,True
/works/OL16415392W,A concise introduction to programming in Python,2012,2,OL7057078A,Mark J. Johnson,2,1,eng,2026-10-07T14:33:38.800327+00:00,https://openlibrary.org/works/OL16415392W,Mark J. Johnson,1,2011-12-29T09:28:27.438757+00:00,https://openlibrary.org/authors/OL7057078A,True
/works/OL16415477W,Introduction to programming with Python 3,2011,1,OL32725A,Y. Daniel Liang,1,1,eng,2026-10-07T14:33:38.800327+00:00,https://openlibrary.org/works/OL16415477W,Y. Daniel Liang,2,2008-09-12T02:13:13.659668+00:00,https://openlibrary.org/authors/OL32725A,True
/works/OL16415478W,Introduction to programming with Python 3,2011,1,OL32725A,Y. Daniel Liang,1,1,eng,2026-10-07T14:33:38.800327+00:00,https://openlibrary.org/works/OL16415478W,Y. Daniel Liang,2,2008-09-12T02:13:13.659668+00:00,https://openlibrary.org/authors/OL32725A,True
/works/OL16486498W,Introduction to computing & programming in Python,2013,1,OL1435503A,Mark Guzdial,1,1,eng,2026-10-07T14:33:38.800327+00:00,https://openlibrary.org/works/OL16486498W,Mark Guzdial,2,2008-09-07T20:44:25.734482+00:00,https://openlibrary.org/authors/OL1435503A,True
/works/OL16486566W,Core python applications programming,2012,2,OL5465970A,Wesley Chun,1,1,eng,2026-10-07T14:33:38.800327+00:00,https://openlibrary.org/works/OL16486566W,Wesley Chun,2,2020-10-09T05:44:46.181497+00:00,https://openlibrary.org/authors/OL5465970A,True
/works/OL16506156W,The practice of computing using Python,2012,1,OL6772731A,W. F. Punch,1,1,eng,2026-10-07T14:33:38.800327+00:00,https://openlibrary.org/works/OL16506156W,W. F. Punch,1,2009-12-31T01:23:35.997765+00:00,https://openlibrary.org/authors/OL6772731A,True
/works/OL16520658W,Parky's people,2010,2,OL744982A,"Parkinson, Michael",1,1,eng,2026-10-07T14:33:38.800327+00:00,https://openlibrary.org/works/OL16520658W,"Parkinson, Michael",3,2025-08-01T01:47:57.113489+00:00,https://openlibrary.org/authors/OL744982A,True
/works/OL16522163W,Pro Android Python with SL4A,2011,2,OL7084528A,Paul Ferrill,1,1,eng,2026-10-07T14:33:38.800327+00:00,https://openlibrary.org/works/OL16522163W,Paul Ferrill,1,2012-02-22T13:39:26.453707+00:00,https://openlibrary.org/authors/OL7084528A,True
/works/OL16545740W,Le théâtre volant des Monty Python,2011,1,OL7092399A,Simon-Pierre Castanié,1,1,fre,2026-10-07T14:33:38.800327+00:00,https://openlibrary.org/works/OL16545740W,Simon-Pierre Castanié,1,2012-03-15T21:20:58.669250+00:00,https://openlibrary.org/authors/OL7092399A,True
/works/OL16545741W,Le théâtre volant des Monty Python,2011,1,OL7092400A,Simon-Pierre Castanié,1,1,fre,2026-10-07T14:33:38.800327+00:00,https://openlibrary.org/works/OL16545741W,Simon-Pierre Castanié,1,2012-03-15T21:20:58.910711+00:00,https://openlibrary.org/authors/OL7092400A,True
/works/OL16557534W,Introduction to Python programming and developing GUI applications with PyQT,2012,1,OL7051046A,B. M. Harwani,1,1,eng,2026-10-07T14:33:38.800327+00:00,https://openlibrary.org/works/OL16557534W,B. M. Harwani,1,2011-12-28T09:59:00.029940+00:00,https://openlibrary.org/authors/OL7051046A,True
/works/OL16585050W,Applied computer science,2011,5,OL7106587A,Shane Torbert,1,1,eng,2026-10-07T14:33:38.800327+00:00,https://openlibrary.org/works/OL16585050W,Shane Torbert,1,2012-04-13T06:25:51.692632+00:00,https://openlibrary.org/authors/OL7106587A,True
/works/OL16586488W,Python scripts for Abaqus,2011,1,OL7107112A,Gautam Puri,1,1,eng,2026-10-07T14:33:38.800327+00:00,https://openlibrary.org/works/OL16586488W,Gautam Puri,1,2012-04-13T07:23:21.122055+00:00,https://openlibrary.org/authors/OL7107112A,True
/works/OL16604897W,Hello! Python,2012,2,OL7114071A,Anthony D. Briggs,1,1,eng,2026-10-07T14:33:38.800327+00:00,https://openlibrary.org/works/OL16604897W,Anthony D. Briggs,1,2012-04-25T08:15:37.196594+00:00,https://openlibrary.org/authors/OL7114071A,True
/works/OL16683778W,Foundations of Python network programming,2010,1,OL7144376A,Brandon Rhodes,1,1,eng,2026-10-07T14:33:38.800327+00:00,https://openlibrary.org/works/OL16683778W,Brandon Rhodes,1,2012-06-20T10:03:20.489775+00:00,https://openlibrary.org/authors/OL7144376A,True
/works/OL16692355W,Python scripting for computational science,2009,1,OL20350A,Hans Petter Langtangen,1,1,eng,2026-10-07T14:33:38.800327+00:00,https://openlibrary.org/works/OL16692355W,Hans Petter Langtangen,2,2008-09-11T08:24:11.737778+00:00,https://openlibrary.org/authors/OL20350A,True
/works/OL16714443W,Python scripting for ArcGIS,2013,2,OL7155739A,Paul A. Zandbergen,1,1,eng,2026-10-07T14:33:38.800327+00:00,https://openlibrary.org/works/OL16714443W,Paul A. Zandbergen,3,2025-08-05T03:47:45.545892+00:00,https://openlibrary.org/authors/OL7155739A,True
/works/OL16803901W,Getting Started with Raspberry Pi,2012,1,OL1400993A,Shawn P. Wallace,2,1,eng,2026-10-07T14:33:38.800327+00:00,https://openlibrary.org/works/OL16803901W,Shawn P. Wallace,2,2008-09-07T16:51:23.699969+00:00,https://openlibrary.org/authors/OL1400993A,True
/works/OL16812103W,"A Practical Guide to Linux Commands, Editors, and Shell Programming",2012,1,OL217557A,Mark G. Sobell,1,1,eng,2026-10-07T14:33:38.800327+00:00,https://openlibrary.org/works/OL16812103W,Mark G. Sobell,2,2008-09-07T01:27:47.803150+00:00,https://openlibrary.org/authors/OL217557A,True
/works/OL16814962W,A Young Person’s Guide to Information Technology Book Eight Creative Technologies,2014,1,OL3671879A,Geoff Potter,1,1,eng,2026-10-07T14:33:38.800327+00:00,https://openlibrary.org/works/OL16814962W,Geoff Potter,5,2014-04-19T00:54:34.460941+00:00,https://openlibrary.org/authors/OL3671879A,True
/works/OL16918797W,Using Google App Engine,2009,3,OL6751191A,Charles R. Severance,1,1,eng,2026-10-07T14:33:38.800327+00:00,https://openlibrary.org/works/OL16918797W,Charles R. Severance,3,2026-05-07T20:45:53.907798+00:00,https://openlibrary.org/authors/OL6751191A,True
/works/OL16919361W,The Definitive Guide To Jython,2010,1,OL7032700A,Josh Juneau,1,1,eng,2026-10-07T14:33:38.800327+00:00,https://openlibrary.org/works/OL16919361W,Josh Juneau,1,2011-11-04T09:57:14.672158+00:00,https://openlibrary.org/authors/OL7032700A,True
/works/OL16919697W,Python Programming Fundamentals,2011,4,OL7200428A,Kent D. Lee,1,1,eng,2026-10-07T14:33:38.800327+00:00,https://openlibrary.org/works/OL16919697W,Kent D. Lee,1,2014-07-28T09:50:13.811190+00:00,https://openlibrary.org/authors/OL7200428A,True
/works/OL16921614W,Pro Python System Administration,2010,1,OL7200745A,Rytis Sileika,1,1,eng,2026-10-07T14:33:38.800327+00:00,https://openlibrary.org/works/OL16921614W,Rytis Sileika,1,2014-07-28T11:03:51.879756+00:00,https://openlibrary.org/authors/OL7200745A,True
/works/OL16923989W,Dive into Python 3,2009,4,OL1438224A,Mark Pilgrim,1,1,eng,2026-10-07T14:33:38.800327+00:00,https://openlibrary.org/works/OL16923989W,Mark Pilgrim,2,2008-09-05T19:32:06.007620+00:00,https://openlibrary.org/authors/OL1438224A,True
/works/OL16924544W,The Definitive Guide to MongoDB,2010,4,OL7201218A,Eelco Plugge,1,1,eng,2026-10-07T14:33:38.800327+00:00,https://openlibrary.org/works/OL16924544W,Eelco Plugge,1,2014-07-28T13:13:30.050050+00:00,https://openlibrary.org/authors/OL7201218A,True
/works/OL16924749W,Expert Python programming,2008,3,OL7577754A,Tarek Ziadé,1,1,eng,2026-10-07T14:33:38.800327+00:00,https://openlibrary.org/works/OL16924749W,Tarek Ziadé,1,2019-07-06T15:14:17.368983+00:00,https://openlibrary.org/authors/OL7577754A,True
/works/OL16925466W,Beginning Django E-Commerce,2009,1,OL7201318A,Jim McGaw,1,1,eng,2026-10-07T14:33:38.800327+00:00,https://openlibrary.org/works/OL16925466W,Jim McGaw,1,2014-07-28T14:24:37.684792+00:00,https://openlibrary.org/authors/OL7201318A,True
/works/OL16926556W,Blender 2.49 scripting,2010,1,OL1559191A,Michel Anders,1,1,eng,2026-10-07T14:33:38.800327+00:00,https://openlibrary.org/works/OL16926556W,Michel Anders,2,2008-09-04T02:15:00.160607+00:00,https://openlibrary.org/authors/OL1559191A,True
/works/OL16928351W,Aprendendo Python,2007,1,OL1724571A,M. Lutz,1,1,por,2026-10-07T14:33:38.800327+00:00,https://openlibrary.org/works/OL16928351W,M. Lutz,2,2008-08-29T04:28:46.615804+00:00,https://openlibrary.org/authors/OL1724571A,True
/works/OL16929519W,wxPython 2.8,2010,1,OL7202063A,Cody Precord,1,1,eng,2026-10-07T14:33:38.800327+00:00,https://openlibrary.org/works/OL16929519W,Cody Precord,1,2014-07-28T17:23:39.638323+00:00,https://openlibrary.org/authors/OL7202063A,True
/works/OL16930795W,The definitive guide to Pylons,2009,1,,,0,1,eng,2026-10-07T14:33:38.800327+00:00,https://openlibrary.org/works/OL16930795W,,,,,False
/works/OL16931184W,Learning website development with Django,2008,1,OL7202395A,Ayman Hourieh,1,1,eng,2026-10-07T14:33:38.800327+00:00,https://openlibrary.org/works/OL16931184W,Ayman Hourieh,1,2014-07-28T18:14:26.957666+00:00,https://openlibrary.org/authors/OL7202395A,True
/works/OL16931311W,Grok 1.0 web development,2010,1,OL7202444A,Carlos de la Guardia,1,1,eng,2026-10-07T14:33:38.800327+00:00,https://openlibrary.org/works/OL16931311W,Carlos de la Guardia,1,2014-07-28T18:21:48.627259+00:00,https://openlibrary.org/authors/OL7202444A,True
/works/OL16931400W,Pro DLR in .NET 4,2011,2,OL7202464A,Chaur Wu,1,1,eng,2026-10-07T14:33:38.800327+00:00,https://openlibrary.org/works/OL16931400W,Chaur Wu,1,2014-07-28T18:23:53.978246+00:00,https://openlibrary.org/authors/OL7202464A,True
/works/OL16932609W,Beginning Java™ Google App Engine,2010,1,OL7202661A,Kyle Roche,1,1,eng,2026-10-07T14:33:38.800327+00:00,https://openlibrary.org/works/OL16932609W,Kyle Roche,1,2014-07-28T18:58:51.446941+00:00,https://openlibrary.org/authors/OL7202661A,True
/works/OL16932770W,Mobile python,2007,2,OL3412313A,Jürgen Scheible,1,1,eng,2026-10-07T14:33:38.800327+00:00,https://openlibrary.org/works/OL16932770W,Jürgen Scheible,1,2008-04-30T09:38:13.731961+00:00,https://openlibrary.org/authors/OL3412313A,True
/works/OL16935147W,Beginning Python visualization,2009,4,OL6776710A,Shai Vaingast,1,1,eng,2026-10-07T14:33:38.800327+00:00,https://openlibrary.org/works/OL16935147W,Shai Vaingast,1,2010-01-21T13:37:27.317322+00:00,https://openlibrary.org/authors/OL6776710A,True
/works/OL16938693W,Python text processing with NLTK 2.0 cookbook,2010,3,OL4917335A,Jacob Perkins,1,1,eng,2026-10-07T14:33:38.800327+00:00,https://openlibrary.org/works/OL16938693W,Jacob Perkins,1,2008-09-20T16:49:37.060697+00:00,https://openlibrary.org/authors/OL4917335A,True
/works/OL16942521W,Hello world!,2009,1,,,0,1,eng,2026-10-07T14:33:38.800327+00:00,https://openlibrary.org/works/OL16942521W,,,,,False
/works/OL16942777W,Programming Google App Engine,2010,1,OL7204560A,Dan Sanderson,1,1,eng,2026-10-07T14:33:38.800327+00:00,https://openlibrary.org/works/OL16942777W,Dan Sanderson,1,2014-07-29T00:17:37.488341+00:00,https://openlibrary.org/authors/OL7204560A,True
/works/OL16945541W,Essential SQLAlchemy,2008,2,OL1408320A,Rick Copeland,1,1,eng,2026-10-07T14:33:38.800327+00:00,https://openlibrary.org/works/OL16945541W,Rick Copeland,2,2008-09-07T17:25:15.351319+00:00,https://openlibrary.org/authors/OL1408320A,True
/works/OL16945792W,A practical guide to testing wireless smartphone applications,2009,2,OL7205235A,Julian Harty,1,1,eng,2026-10-07T14:33:38.800327+00:00,https://openlibrary.org/works/OL16945792W,Julian Harty,1,2014-07-29T01:54:42.305573+00:00,https://openlibrary.org/authors/OL7205235A,True
/works/OL16948571W,The quick Python book,2013,1,OL7205816A,Vernon L. Ceder,1,1,eng,2026-10-07T14:33:38.800327+00:00,https://openlibrary.org/works/OL16948571W,Vernon L. Ceder,1,2014-07-29T03:19:42.452170+00:00,https://openlibrary.org/authors/OL7205816A,True
/works/OL16948945W,SPSS,2006,1,OL6891352A,SPSS Inc,1,1,eng,2026-10-07T14:33:38.800327+00:00,https://openlibrary.org/works/OL16948945W,SPSS Inc,1,2011-03-15T18:05:48.826689+00:00,https://openlibrary.org/authors/OL6891352A,True
/works/OL16961435W,Python testing,2010,1,OL7208141A,Daniel Arbuckle,1,1,eng,2026-10-07T14:33:38.800327+00:00,https://openlibrary.org/works/OL16961435W,Daniel Arbuckle,1,2014-07-29T11:30:13.371651+00:00,https://openlibrary.org/authors/OL7208141A,True
/works/OL16962939W,Python geospatial development,2010,2,OL7208482A,Erik Westra,1,1,eng,2026-10-07T14:33:38.800327+00:00,https://openlibrary.org/works/OL16962939W,Erik Westra,1,2014-07-29T12:23:50.639891+00:00,https://openlibrary.org/authors/OL7208482A,True
/works/OL16962972W,NumPy 1.5,2011,1,OL7208488A,Ivan Idris,1,1,eng,2026-10-07T14:33:38.800327+00:00,https://openlibrary.org/works/OL16962972W,Ivan Idris,1,2014-07-29T12:24:55.056318+00:00,https://openlibrary.org/authors/OL7208488A,True
/works/OL16963478W,Coding for penetration testers,2011,4,OL6945026A,Jason Andress,1,1,eng,2026-10-07T14:33:38.800327+00:00,https://openlibrary.org/works/OL16963478W,Jason Andress,1,2011-07-26T22:33:04.760508+00:00,https://openlibrary.org/authors/OL6945026A,True
/works/OL16963918W,Professional Ironpython,2010,1,OL28590A,John Mueller,1,1,eng,2026-10-07T14:33:38.800327+00:00,https://openlibrary.org/works/OL16963918W,John Mueller,3,2021-07-29T20:51:19.061305+00:00,https://openlibrary.org/authors/OL28590A,True
/works/OL16966084W,Plone 3 multimedia,2010,1,OL5180325A,Tom Gross,1,1,eng,2026-10-07T14:33:38.800327+00:00,https://openlibrary.org/works/OL16966084W,Tom Gross,1,2008-09-27T01:16:58.133807+00:00,https://openlibrary.org/authors/OL5180325A,True
/works/OL16971050W,The Definitive Guide to Django,2009,1,OL3116597A,Adrian Holovaty,1,1,eng,2026-10-07T14:33:38.800327+00:00,https://openlibrary.org/works/OL16971050W,Adrian Holovaty,1,2008-04-30T09:38:13.731961+00:00,https://openlibrary.org/authors/OL3116597A,True
/works/OL16973870W,MySQL for Python,2010,1,OL7210495A,Albert Lukaszewski,1,1,eng,2026-10-07T14:33:38.800327+00:00,https://openlibrary.org/works/OL16973870W,Albert Lukaszewski,1,2014-07-29T18:25:40.721988+00:00,https://openlibrary.org/authors/OL7210495A,True
/works/OL16973901W,Django 1.2 e-commerce,2010,1,OL7210500A,Jesse Legg,1,1,eng,2026-10-07T14:33:38.800327+00:00,https://openlibrary.org/works/OL16973901W,Jesse Legg,1,2014-07-29T18:26:45.806300+00:00,https://openlibrary.org/authors/OL7210500A,True
/works/OL16974860W,Hello world!,2009,2,OL6780171A,Warren Sande,1,1,eng,2026-10-07T14:33:38.800327+00:00,https://openlibrary.org/works/OL16974860W,Warren Sande,1,2010-02-02T22:41:28.949517+00:00,https://openlibrary.org/authors/OL6780171A,True
/works/OL16976951W,Think Python,2009,11,OL6815485A,Allen B. Downey,2,1,eng,2026-10-07T14:33:38.800327+00:00,https://openlibrary.org/works/OL16976951W,Allen B. Downey,4,2022-10-19T05:24:47.037637+00:00,https://openlibrary.org/authors/OL6815485A,True
/works/OL16982211W,Python multimedia beginner's guide,2010,2,OL7212219A,Ninad Sathaye,1,1,eng,2026-10-07T14:33:38.800327+00:00,https://openlibrary.org/works/OL16982211W,Ninad Sathaye,1,2014-07-30T01:20:49.063814+00:00,https://openlibrary.org/authors/OL7212219A,True
/works/OL16983004W,IronPython in action,2008,2,OL6760285A,Michael J. Foord,1,1,eng,2026-10-07T14:33:38.800327+00:00,https://openlibrary.org/works/OL16983004W,Michael J. Foord,1,2009-11-24T04:42:40.324955+00:00,https://openlibrary.org/authors/OL6760285A,True
/works/OL16985216W,Sage beginner's guide,2011,1,OL7212848A,Craig Finch,1,1,eng,2026-10-07T14:33:38.800327+00:00,https://openlibrary.org/works/OL16985216W,Craig Finch,1,2014-07-30T03:17:48.613165+00:00,https://openlibrary.org/authors/OL7212848A,True
/works/OL16986921W,MongoDB and Python,2011,2,OL1618143A,Niall O'Higgins,1,1,eng,2026-10-07T14:33:38.800327+00:00,https://openlibrary.org/works/OL16986921W,Niall O'Higgins,2,2008-09-01T08:42:30.708734+00:00,https://openlibrary.org/authors/OL1618143A,True
/works/OL16987563W,Python and AWS cookbook,2011,3,OL7213418A,Mitch Garnaat,1,1,eng,2026-10-07T14:33:38.800327+00:00,https://openlibrary.org/works/OL16987563W,Mitch Garnaat,1,2014-07-30T04:55:28.570306+00:00,https://openlibrary.org/authors/OL7213418A,True
/works/OL16997231W,Real World Instrumentation with Python,2010,4,OL5927160A,J. M. Hughes,1,1,eng,2026-10-07T14:33:38.800327+00:00,https://openlibrary.org/works/OL16997231W,J. M. Hughes,2,2023-12-10T16:27:09.903028+00:00,https://openlibrary.org/authors/OL5927160A,True
/works/OL17053024W,Help Your Kids with Computer Coding,2014,1,OL402619A,Carol Vorderman,6,1,eng,2026-10-07T14:33:38.800327+00:00,https://openlibrary.org/works/OL17053024W,Carol Vorderman,6,2025-07-31T22:04:27.158067+00:00,https://openlibrary.org/authors/OL402619A,True
/works/OL17191897W,Python Tools for Visual Studio,2014,3,OL7244402A,Martino Sabia,2,1,eng,2026-10-07T14:33:38.800327+00:00,https://openlibrary.org/works/OL17191897W,Martino Sabia,3,2015-08-28T22:07:30.257682+00:00,https://openlibrary.org/authors/OL7244402A,True
/works/OL17192040W,Python in Easy Steps,2013,1,OL2832193A,Mike McGrath,1,1,eng,2026-10-07T14:33:38.800327+00:00,https://openlibrary.org/works/OL17192040W,Mike McGrath,1,2008-04-29T15:03:11.581851+00:00,https://openlibrary.org/authors/OL2832193A,True
/works/OL17192139W,Invent your Own Computer Games with Python,2009,5,OL7244458A,Al Sweigart,1,1,eng,2026-10-07T14:33:38.800327+00:00,https://openlibrary.org/works/OL17192139W,Al Sweigart,8,2026-02-01T21:10:41.088204+00:00,https://openlibrary.org/authors/OL7244458A,True
/works/OL17192140W,Making Games with Python & PyGame,2012,1,OL7244458A,Al Sweigart,1,1,eng,2026-10-07T14:33:38.800327+00:00,https://openlibrary.org/works/OL17192140W,Al Sweigart,8,2026-02-01T21:10:41.088204+00:00,https://openlibrary.org/authors/OL7244458A,True
/works/OL17192141W,Automate the Boring Stuff with Python,2015,8,OL7244458A,Al Sweigart,1,2,chi;eng,2026-10-07T14:33:38.800327+00:00,https://openlibrary.org/works/OL17192141W,Al Sweigart,8,2026-02-01T21:10:41.088204+00:00,https://openlibrary.org/authors/OL7244458A,True
/works/OL17192267W,Effective Python,2015,8,OL7244490A,Brett Slatkin,1,1,eng,2026-10-07T14:33:38.800327+00:00,https://openlibrary.org/works/OL17192267W,Brett Slatkin,1,2015-08-31T17:15:12.744406+00:00,https://openlibrary.org/authors/OL7244490A,True
/works/OL17199500W,Introduction to Numerical Programming,2015,1,OL9500209A,Titus A. Beu,1,0,,2026-10-07T14:33:38.800327+00:00,https://openlibrary.org/works/OL17199500W,Titus A. Beu,1,2021-09-18T16:20:51.442898+00:00,https://openlibrary.org/authors/OL9500209A,True
/works/OL17295042W,Programming With Unicode,2011,1,OL7274104A,Victor Stinner,1,1,eng,2026-10-07T14:33:38.800327+00:00,https://openlibrary.org/works/OL17295042W,Victor Stinner,1,2015-11-25T17:24:45.658628+00:00,https://openlibrary.org/authors/OL7274104A,True
/works/OL17308344W,Web Scraping with Python,2015,5,OL7495370A,Ryan Mitchell,1,1,eng,2026-10-07T14:33:38.800327+00:00,https://openlibrary.org/works/OL17308344W,Ryan Mitchell,1,2019-04-05T01:28:28.320434+00:00,https://openlibrary.org/authors/OL7495370A,True
/works/OL17352468W,Hacking Secret Ciphers with Python,2013,1,OL7244458A,Al Sweigart,1,0,,2026-10-07T14:33:38.800327+00:00,https://openlibrary.org/works/OL17352468W,Al Sweigart,8,2026-02-01T21:10:41.088204+00:00,https://openlibrary.org/authors/OL7244458A,True
/works/OL17357597W,Introduction to Machine Learning with Python,2016,2,OL7290414A,Andreas C. Mueller,2,1,eng,2026-10-07T14:33:38.800327+00:00,https://openlibrary.org/works/OL17357597W,Andreas C. Mueller,1,2016-07-24T13:16:36.789530+00:00,https://openlibrary.org/authors/OL7290414A,True
/works/OL17361130W,DATA MINING FOR BUSINESS ANALYTICS,2016,13,OL2730654A,Galit Shmueli,3,1,eng,2026-10-07T14:33:38.800327+00:00,https://openlibrary.org/works/OL17361130W,Galit Shmueli,1,2008-04-29T13:35:46.876380+00:00,https://openlibrary.org/authors/OL2730654A,True
/works/OL17367535W,Learning Robotics Using Python,2015,2,OL7293630A,Lentin Joseph,1,1,eng,2026-10-07T14:33:38.800327+00:00,https://openlibrary.org/works/OL17367535W,Lentin Joseph,1,2016-09-15T05:40:25.672244+00:00,https://openlibrary.org/authors/OL7293630A,True
/works/OL17383635W,Beginning Programming With Python For Dummies,2014,1,OL2729664A,John Paul Mueller,1,0,,2026-10-07T14:33:38.800327+00:00,https://openlibrary.org/works/OL17383635W,John Paul Mueller,1,2008-04-29T13:35:46.876380+00:00,https://openlibrary.org/authors/OL2729664A,True
/works/OL17383898W,Introduction To Programming Concepts With Case Studies In Python,2012,1,OL7298319A,Sinan Kalkan,1,0,,2026-10-07T14:33:38.800327+00:00,https://openlibrary.org/works/OL17383898W,Sinan Kalkan,1,2016-10-14T02:05:09.056754+00:00,https://openlibrary.org/authors/OL7298319A,True
/works/OL17389190W,Flask Web Development,2014,3,OL626174A,Miguel Grinberg,1,1,eng,2026-10-07T14:33:38.800327+00:00,https://openlibrary.org/works/OL17389190W,Miguel Grinberg,2,2008-08-28T19:26:57.614298+00:00,https://openlibrary.org/authors/OL626174A,True
/works/OL17400331W,Introducing Python,2013,4,OL2726982A,Bill Lubanovic,1,1,eng,2026-10-07T14:33:38.800327+00:00,https://openlibrary.org/works/OL17400331W,Bill Lubanovic,1,2008-04-29T13:35:46.876380+00:00,https://openlibrary.org/authors/OL2726982A,True
/works/OL17401187W,Python Building Big Apps,2013,1,OL3513839A,Chris Roffey,1,0,,2026-10-07T14:33:38.800327+00:00,https://openlibrary.org/works/OL17401187W,Chris Roffey,1,2008-04-30T09:38:13.731961+00:00,https://openlibrary.org/authors/OL3513839A,True
/works/OL17405916W,Learn Python The Hard Way A Very Simple Introduction To The Terrifyingly Beautiful World Of Computers And Code,2012,1,OL3295558A,Zed Shaw,1,0,,2026-10-07T14:33:38.800327+00:00,https://openlibrary.org/works/OL17405916W,Zed Shaw,4,2025-12-04T21:02:41.985959+00:00,https://openlibrary.org/authors/OL3295558A,True
/works/OL17422847W,Python For Data Analysis,2012,8,OL7309633A,Wes McKinney,1,1,eng,2026-10-07T14:33:38.800327+00:00,https://openlibrary.org/works/OL17422847W,Wes McKinney,3,2026-06-13T10:00:00.111592+00:00,https://openlibrary.org/authors/OL7309633A,True
/works/OL17425559W,Python For Scientists,2014,1,OL7310414A,John M. Stewart,1,0,,2026-10-07T14:33:38.800327+00:00,https://openlibrary.org/works/OL17425559W,John M. Stewart,1,2016-10-14T06:25:39.858447+00:00,https://openlibrary.org/authors/OL7310414A,True
/works/OL17426223W,Fundamentals Of Python Data Structures,2013,1,OL24872A,Kenneth Alfred Lambert,1,0,,2026-10-07T14:33:38.800327+00:00,https://openlibrary.org/works/OL17426223W,Kenneth Alfred Lambert,3,2026-01-16T02:55:28.667006+00:00,https://openlibrary.org/authors/OL24872A,True
/works/OL17438669W,Pythong Projects,2014,1,OL829275A,Alan Gauld,1,0,,2026-10-07T14:33:38.800327+00:00,https://openlibrary.org/works/OL17438669W,Alan Gauld,2,2008-08-22T14:05:15.930462+00:00,https://openlibrary.org/authors/OL829275A,True
/works/OL17443051W,Myprogramminglab with Pearson Etext Access Card For Introduction to Programming Using Python,2012,1,OL32725A,Y. Daniel Liang,1,0,,2026-10-07T14:33:38.800327+00:00,https://openlibrary.org/works/OL17443051W,Y. Daniel Liang,2,2008-09-12T02:13:13.659668+00:00,https://openlibrary.org/authors/OL32725A,True
/works/OL17450843W,Django 11 Testing And Debugging Building Rigorously Tested And Bugfree Django Applications,2010,1,OL7317684A,Karen M. Tracey,1,0,,2026-10-07T14:33:38.800327+00:00,https://openlibrary.org/works/OL17450843W,Karen M. Tracey,1,2016-10-14T09:05:34.532602+00:00,https://openlibrary.org/authors/OL7317684A,True
/works/OL17450991W,Statistics Data Mining And Machine Learning In Astronomy A Practical Python Guide For The Analysis Of Survey Data,2014,1,OL2312475A,Alexander Gray,1,0,,2026-10-07T14:33:38.800327+00:00,https://openlibrary.org/works/OL17450991W,Alexander Gray,3,2012-06-06T22:20:43.513361+00:00,https://openlibrary.org/authors/OL2312475A,True
/works/OL17451365W,Creating Apps In Kivy,2014,1,OL7200639A,Dusty Phillips,1,0,,2026-10-07T14:33:38.800327+00:00,https://openlibrary.org/works/OL17451365W,Dusty Phillips,1,2014-07-28T10:44:17.550805+00:00,https://openlibrary.org/authors/OL7200639A,True
/works/OL17451852W,Raspberry Pi User Guide,2012,16,OL7318005A,Eben Upton,1,1,eng,2026-10-07T14:33:38.800327+00:00,https://openlibrary.org/works/OL17451852W,Eben Upton,2,2022-12-10T17:40:02.147305+00:00,https://openlibrary.org/authors/OL7318005A,True
/works/OL17466442W,Python Next Steps,2013,1,OL3513839A,Chris Roffey,1,0,,2026-10-07T14:33:38.800327+00:00,https://openlibrary.org/works/OL17466442W,Chris Roffey,1,2008-04-30T09:38:13.731961+00:00,https://openlibrary.org/authors/OL3513839A,True
/works/OL17468512W,Introduction To Tornado,2012,3,OL7322859A,Adam Parrish,3,1,eng,2026-10-07T14:33:38.800327+00:00,https://openlibrary.org/works/OL17468512W,Adam Parrish,1,2016-10-14T10:56:59.235452+00:00,https://openlibrary.org/authors/OL7322859A,True
/works/OL17469922W,Violent Python A Cookbook For Hackers Forensic Analysts Penetration Testers And Security Engineers,2012,1,OL7323272A,Tj O'Connor,1,0,,2026-10-07T14:33:38.800327+00:00,https://openlibrary.org/works/OL17469922W,Tj O'Connor,1,2016-10-14T11:05:56.937969+00:00,https://openlibrary.org/authors/OL7323272A,True
/works/OL17472707W,Learning Python With Raspberry Pi,2014,1,OL2730706A,Russel Winder,1,0,,2026-10-07T14:33:38.800327+00:00,https://openlibrary.org/works/OL17472707W,Russel Winder,1,2008-04-29T13:35:46.876380+00:00,https://openlibrary.org/authors/OL2730706A,True
/works/OL17473646W,Python For Rookies A First Course In Programming,2008,1,OL2730706A,Russel Winder,1,0,,2026-10-07T14:33:38.800327+00:00,https://openlibrary.org/works/OL17473646W,Russel Winder,1,2008-04-29T13:35:46.876380+00:00,https://openlibrary.org/authors/OL2730706A,True
/works/OL17480817W,Fundamentals Of Python First Programs,2011,1,OL24872A,Kenneth Alfred Lambert,1,0,,2026-10-07T14:33:38.800327+00:00,https://openlibrary.org/works/OL17480817W,Kenneth Alfred Lambert,3,2026-01-16T02:55:28.667006+00:00,https://openlibrary.org/authors/OL24872A,True
/works/OL17496578W,Scripting with Objects,2008,1,OL7331117A,Avinash C. Kak,1,0,,2026-10-07T14:33:38.800327+00:00,https://openlibrary.org/works/OL17496578W,Avinash C. Kak,1,2016-10-14T14:05:28.815761+00:00,https://openlibrary.org/authors/OL7331117A,True
/works/OL17499690W,Introduction To Programming Using Python Myprogramminglab With Pearson Etext Access Card,2012,1,OL32725A,Y. Daniel Liang,1,0,,2026-10-07T14:33:38.800327+00:00,https://openlibrary.org/works/OL17499690W,Y. Daniel Liang,2,2008-09-12T02:13:13.659668+00:00,https://openlibrary.org/authors/OL32725A,True
/works/OL17515418W,Python for Scientists,2014,1,OL7336403A,John M. Stewart,1,0,,2026-10-07T14:33:38.800327+00:00,https://openlibrary.org/works/OL17515418W,John M. Stewart,1,2016-10-14T16:16:55.292583+00:00,https://openlibrary.org/authors/OL7336403A,True
/works/OL17517253W,Python 3 object oriented programming,2010,6,OL7200639A,Dusty Phillips,1,1,eng,2026-10-07T14:33:38.800327+00:00,https://openlibrary.org/works/OL17517253W,Dusty Phillips,1,2014-07-28T10:44:17.550805+00:00,https://openlibrary.org/authors/OL7200639A,True
/works/OL17519088W,Monty Python S Flying Circus,2012,1,OL5130331A,Luke Dempsey,1,1,eng,2026-10-07T14:33:38.800327+00:00,https://openlibrary.org/works/OL17519088W,Luke Dempsey,1,2008-09-26T05:05:42.612642+00:00,https://openlibrary.org/authors/OL5130331A,True
/works/OL17530235W,Python for Kids,2012,4,OL7340477A,Jason R. Briggs,1,1,eng,2026-10-07T14:33:38.800327+00:00,https://openlibrary.org/works/OL17530235W,Jason R. Briggs,2,2019-11-16T19:17:46.464861+00:00,https://openlibrary.org/authors/OL7340477A,True
/works/OL17546824W,Raspberry Pi Cookbook,2014,3,OL6935032A,Simon Monk,1,1,eng,2026-10-07T14:33:38.800327+00:00,https://openlibrary.org/works/OL17546824W,Simon Monk,1,2011-07-23T01:33:01.275895+00:00,https://openlibrary.org/authors/OL6935032A,True
/works/OL17550187W,More Python Programming For The Absolute Beginner,2011,1,OL1395117A,Jonathan S. Harbour,1,0,,2026-10-07T14:33:38.800327+00:00,https://openlibrary.org/works/OL17550187W,Jonathan S. Harbour,2,2008-09-07T16:07:04.578133+00:00,https://openlibrary.org/authors/OL1395117A,True
/works/OL17556887W,Practical Computer Vision with Simplecv,2012,2,OL3540829A,Kurt Demaagd,1,1,eng,2026-10-07T14:33:38.800327+00:00,https://openlibrary.org/works/OL17556887W,Kurt Demaagd,1,2008-04-30T09:38:13.731961+00:00,https://openlibrary.org/authors/OL3540829A,True
/works/OL17559022W,Image Processing and Acquisition Using Python,2014,10,OL7348056A,Sridevi Pudipeddi,1,1,eng,2026-10-07T14:33:38.800327+00:00,https://openlibrary.org/works/OL17559022W,Sridevi Pudipeddi,1,2016-10-14T21:27:13.239212+00:00,https://openlibrary.org/authors/OL7348056A,True
/works/OL17571435W,Raspberry Pi Projects For The Evil Genius,2013,1,OL3132157A,Donald Norris,1,0,,2026-10-07T14:33:38.800327+00:00,https://openlibrary.org/works/OL17571435W,Donald Norris,1,2008-04-30T09:38:13.731961+00:00,https://openlibrary.org/authors/OL3132157A,True
/works/OL17573905W,Programming the Raspberry Pi,2012,3,OL6935032A,Simon Monk,1,2,fre;eng,2026-10-07T14:33:38.800327+00:00,https://openlibrary.org/works/OL17573905W,Simon Monk,1,2011-07-23T01:33:01.275895+00:00,https://openlibrary.org/authors/OL6935032A,True
/works/OL17575152W,Introduction To Computation And Programming Using Python,2013,3,OL839763A,John Guttag,1,1,eng,2026-10-07T14:33:38.800327+00:00,https://openlibrary.org/works/OL17575152W,John Guttag,3,2026-08-20T14:56:41.056510+00:00,https://openlibrary.org/authors/OL839763A,True
/works/OL17580823W,Managing Your Biological Data With Python,2013,4,OL7354686A,Allegra Via,1,1,eng,2026-10-07T14:33:38.800327+00:00,https://openlibrary.org/works/OL17580823W,Allegra Via,1,2016-10-19T05:25:57.453897+00:00,https://openlibrary.org/authors/OL7354686A,True
/works/OL17581274W,Programming Computer Vision With Python,2012,3,OL7354897A,Jan Erik,2,1,eng,2026-10-07T14:33:38.800327+00:00,https://openlibrary.org/works/OL17581274W,Jan Erik,1,2016-10-19T05:59:28.410343+00:00,https://openlibrary.org/authors/OL7354897A,True
/works/OL17581298W,Getting Started with BeagleBone,2012,2,OL2894589A,Matt Richardson,1,1,eng,2026-10-07T14:33:38.800327+00:00,https://openlibrary.org/works/OL17581298W,Matt Richardson,1,2008-04-29T15:03:11.581851+00:00,https://openlibrary.org/authors/OL2894589A,True
/works/OL17581314W,Python and HDF5,2013,2,OL7354914A,Andrew Collette,1,1,eng,2026-10-07T14:33:38.800327+00:00,https://openlibrary.org/works/OL17581314W,Andrew Collette,1,2016-10-19T06:02:26.619594+00:00,https://openlibrary.org/authors/OL7354914A,True
/works/OL17581315W,Think Bayes,2013,4,OL6815485A,Allen B. Downey,1,1,eng,2026-10-07T14:33:38.800327+00:00,https://openlibrary.org/works/OL17581315W,Allen B. Downey,4,2022-10-19T05:24:47.037637+00:00,https://openlibrary.org/authors/OL6815485A,True
/works/OL17581750W,A Functional Start To Computing With Python Ted Herman,2013,1,OL7355136A,Ted Herman,1,0,,2026-10-07T14:33:38.800327+00:00,https://openlibrary.org/works/OL17581750W,Ted Herman,1,2016-10-19T06:35:00.689161+00:00,https://openlibrary.org/authors/OL7355136A,True
/works/OL17583400W,Learning Ipython For Interactive Computing And Data Visualization,2013,3,OL7355829A,Cyrille Rossant,1,1,eng,2026-10-07T14:33:38.800327+00:00,https://openlibrary.org/works/OL17583400W,Cyrille Rossant,1,2016-10-19T08:39:49.061191+00:00,https://openlibrary.org/authors/OL7355829A,True
/works/OL17597290W,American Film,1975,83,OL1661767A,American Film Institute,1,1,eng,2026-10-07T14:33:38.800327+00:00,https://openlibrary.org/works/OL17597290W,American Film Institute,2,2017-06-10T20:46:50.294899+00:00,https://openlibrary.org/authors/OL1661767A,True
/works/OL17639392W,Raspberry Pi,2013,3,OL6751191A,Charles R. Severance,1,1,eng,2026-10-07T14:33:38.800327+00:00,https://openlibrary.org/works/OL17639392W,Charles R. Severance,3,2026-05-07T20:45:53.907798+00:00,https://openlibrary.org/authors/OL6751191A,True
/works/OL17755203W,Python Programming For Beginners,2015,1,OL10893603A,Python Programming,2,1,eng,2026-10-07T14:33:38.800327+00:00,https://openlibrary.org/works/OL17755203W,Python Programming,1,2022-11-19T22:57:13.830481+00:00,https://openlibrary.org/authors/OL10893603A,True
/works/OL17756429W,Getting started with Raspberry Pi,2014,1,OL7394815A,"Richardson, Matt (Technologist)",1,1,eng,2026-10-07T14:33:38.800327+00:00,https://openlibrary.org/works/OL17756429W,"Richardson, Matt (Technologist)",1,2017-07-20T05:37:51.297819+00:00,https://openlibrary.org/authors/OL7394815A,True
/works/OL17768674W,Python 2.1 Bible,2001,1,OL2846466A,Dave Brueck,1,1,eng,2026-10-07T14:33:38.800327+00:00,https://openlibrary.org/works/OL17768674W,Dave Brueck,1,2008-04-29T15:03:11.581851+00:00,https://openlibrary.org/authors/OL2846466A,True
/works/OL17794712W,Introducción a la programación con Python,2009,1,OL7400842A,Andrés Marzal Varó,2,1,spa,2026-10-07T14:33:38.800327+00:00,https://openlibrary.org/works/OL17794712W,Andrés Marzal Varó,1,2017-10-06T17:00:15.079324+00:00,https://openlibrary.org/authors/OL7400842A,True
/works/OL17794722W,Introducción a la programación con Python 3,2014,1,OL7400842A,Andrés Marzal Varó,3,1,spa,2026-10-07T14:33:38.800327+00:00,https://openlibrary.org/works/OL17794722W,Andrés Marzal Varó,1,2017-10-06T17:00:15.079324+00:00,https://openlibrary.org/authors/OL7400842A,True
/works/OL17795244W,Introduction to Computing,2011,1,OL7400922A,David Evans,1,1,eng,2026-10-07T14:33:38.800327+00:00,https://openlibrary.org/works/OL17795244W,David Evans,1,2017-10-08T11:53:06.281282+00:00,https://openlibrary.org/authors/OL7400922A,True
/works/OL17795673W,Computational physics: problem solving with python - 3. edición.,2015,1,OL444794A,Rubin H. Landau,2,0,,2026-10-07T14:33:38.800327+00:00,https://openlibrary.org/works/OL17795673W,Rubin H. Landau,2,2008-08-31T08:10:01.424620+00:00,https://openlibrary.org/authors/OL444794A,True
/works/OL17795703W,Python for bioinformatics,2009,10,OL3871440A,Sebastian Bassi,1,1,eng,2026-10-07T14:33:38.800327+00:00,https://openlibrary.org/works/OL17795703W,Sebastian Bassi,1,2008-04-30T20:50:18.033121+00:00,https://openlibrary.org/authors/OL3871440A,True
/works/OL17796777W,Test-Driven Development with Django,2015,1,OL7112199A,Kevin Harvey,1,1,eng,2026-10-07T14:33:38.800327+00:00,https://openlibrary.org/works/OL17796777W,Kevin Harvey,1,2012-04-18T10:04:44.851877+00:00,https://openlibrary.org/authors/OL7112199A,True
/works/OL17801444W,Two Scoops of django Best Practices for Django 1.6,2014,1,OL7402071A,Daniel Greenfeld,1,0,,2026-10-07T14:33:38.800327+00:00,https://openlibrary.org/works/OL17801444W,Daniel Greenfeld,1,2017-10-26T18:56:59.291308+00:00,https://openlibrary.org/authors/OL7402071A,True
/works/OL17842206W,Python para todos,2010,1,OL7408930A,Raúl González Duque,1,1,spa,2026-10-07T14:33:38.800327+00:00,https://openlibrary.org/works/OL17842206W,Raúl González Duque,1,2018-02-18T19:09:55.806846+00:00,https://openlibrary.org/authors/OL7408930A,True
/works/OL17842208W,Python Guide Documentation,2018,1,OL7408931A,Kenneth Reitz,1,1,eng,2026-10-07T14:33:38.800327+00:00,https://openlibrary.org/works/OL17842208W,Kenneth Reitz,1,2018-02-18T19:34:40.981605+00:00,https://openlibrary.org/authors/OL7408931A,True
/works/OL17854096W,Modern Python Cookbook,2016,4,OL7495504A,Steven F. Lott,1,1,eng,2026-10-07T14:33:38.800327+00:00,https://openlibrary.org/works/OL17854096W,Steven F. Lott,1,2019-04-05T02:03:12.640455+00:00,https://openlibrary.org/authors/OL7495504A,True
/works/OL17854515W,Aprendiendo a programar en Python con mi computador,2016,1,OL7410826A,Sergio Rojas,3,1,spa,2026-10-07T14:33:38.800327+00:00,https://openlibrary.org/works/OL17854515W,Sergio Rojas,1,2018-04-05T15:40:12.902850+00:00,https://openlibrary.org/authors/OL7410826A,True
/works/OL17874094W,Curso,2012,1,OL7414380A,Eugenia Bahit,1,1,spa,2026-10-07T14:33:38.800327+00:00,https://openlibrary.org/works/OL17874094W,Eugenia Bahit,1,2018-05-30T12:04:51.385215+00:00,https://openlibrary.org/authors/OL7414380A,True
/works/OL17920482W,Python crash course,2015,2,OL7634726A,Eric Matthes,1,1,eng,2026-10-07T14:33:38.800327+00:00,https://openlibrary.org/works/OL17920482W,Eric Matthes,1,2019-10-04T05:26:31.796765+00:00,https://openlibrary.org/authors/OL7634726A,True
/works/OL17928413W,A Pocketful of Python,1999,2,OL22555A,Eric Idle,1,1,eng,2026-10-07T14:33:38.800327+00:00,https://openlibrary.org/works/OL17928413W,Eric Idle,11,2025-08-27T03:23:22.579690+00:00,https://openlibrary.org/authors/OL22555A,True
/works/OL17928594W,Free eBook - Learning Python,2015,1,OL7422726A,Fabrizio Romano,1,0,,2026-10-07T14:33:38.800327+00:00,https://openlibrary.org/works/OL17928594W,Fabrizio Romano,1,2018-10-03T08:52:46.089370+00:00,https://openlibrary.org/authors/OL7422726A,True
/works/OL17929689W,Essential SQLAlchemy,2015,4,OL2980475A,Jason Myers,1,1,eng,2026-10-07T14:33:38.800327+00:00,https://openlibrary.org/works/OL17929689W,Jason Myers,1,2008-04-29T15:03:11.581851+00:00,https://openlibrary.org/authors/OL2980475A,True
/works/OL17929690W,Test-Driven Development with Python,2014,3,OL7422901A,Harry J.W. Percival,1,1,eng,2026-10-07T14:33:38.800327+00:00,https://openlibrary.org/works/OL17929690W,Harry J.W. Percival,5,2023-12-11T14:33:02.168586+00:00,https://openlibrary.org/authors/OL7422901A,True
/works/OL17930014W,Learn Programming,2018,1,OL7423013A,Antti Salonen,1,1,eng,2026-10-07T14:33:38.800327+00:00,https://openlibrary.org/works/OL17930014W,Antti Salonen,1,2018-10-22T20:20:16.104090+00:00,https://openlibrary.org/authors/OL7423013A,True
/works/OL17930434W,Coding Projects in Python,2017,1,,,0,0,,2026-10-07T14:33:38.800327+00:00,https://openlibrary.org/works/OL17930434W,,,,,False
/works/OL17933608W,Python scripting for ArcGIS - 1. edición,2013,1,OL7155739A,Paul A. Zandbergen,1,0,,2026-10-07T14:33:38.800327+00:00,https://openlibrary.org/works/OL17933608W,Paul A. Zandbergen,3,2025-08-05T03:47:45.545892+00:00,https://openlibrary.org/authors/OL7155739A,True
/works/OL17942403W,Perl,2001,4,OL203473A,Harvey M. Deitel,4,2,chi;eng,2026-10-07T14:33:38.800327+00:00,https://openlibrary.org/works/OL17942403W,Harvey M. Deitel,8,2025-08-14T16:34:04.327615+00:00,https://openlibrary.org/authors/OL203473A,True
/works/OL17953004W,Deep learning with keras,2017,2,OL7495019A,Antonio Gulli,2,1,eng,2026-10-07T14:33:38.800327+00:00,https://openlibrary.org/works/OL17953004W,Antonio Gulli,1,2019-04-05T00:05:00.165204+00:00,https://openlibrary.org/authors/OL7495019A,True
/works/OL18367656W,The quick Python book,2000,2,OL2909241A,Daryl D Harms,2,1,eng,2026-10-07T14:33:38.800327+00:00,https://openlibrary.org/works/OL18367656W,Daryl D Harms,1,2008-04-29T15:03:11.581851+00:00,https://openlibrary.org/authors/OL2909241A,True
/works/OL18620629W,Ḳinah tseḥorah,2009,1,OL5270908A,Yaácov Ravid,1,2,heb;eng,2026-10-07T14:33:38.800327+00:00,https://openlibrary.org/works/OL18620629W,Yaácov Ravid,1,2008-09-28T12:53:34.039692+00:00,https://openlibrary.org/authors/OL5270908A,True
/works/OL18657847W,The practice of computing using Python,2010,1,OL6772731A,W. F. Punch,1,1,eng,2026-10-07T14:33:38.800327+00:00,https://openlibrary.org/works/OL18657847W,W. F. Punch,1,2009-12-31T01:23:35.997765+00:00,https://openlibrary.org/authors/OL6772731A,True
/works/OL18724422W,Jython essentials,2002,3,OL2726828A,Samuele Pedroni,2,1,eng,2026-10-07T14:33:38.800327+00:00,https://openlibrary.org/works/OL18724422W,Samuele Pedroni,1,2008-04-29T13:35:46.876380+00:00,https://openlibrary.org/authors/OL2726828A,True
/works/OL18781295W,Financial modelling in Python,2009,1,OL3608999A,S. Fletcher,1,1,eng,2026-10-07T14:33:38.800327+00:00,https://openlibrary.org/works/OL18781295W,S. Fletcher,1,2008-04-30T09:38:13.731961+00:00,https://openlibrary.org/authors/OL3608999A,True
/works/OL18838694W,Monty Python's flying circus,1989,2,OL1820519A,Graham Chapman,1,1,eng,2026-10-07T14:33:38.800327+00:00,https://openlibrary.org/works/OL18838694W,Graham Chapman,9,2025-08-27T03:22:56.397666+00:00,https://openlibrary.org/authors/OL1820519A,True
/works/OL19087942W,Мова програмування Python для інженерів і науковців,2019,1,OL7468440A,Volodymyr Kopei,1,1,ukr,2026-10-07T14:33:38.800327+00:00,https://openlibrary.org/works/OL19087942W,Volodymyr Kopei,3,2019-03-05T00:35:53.643010+00:00,https://openlibrary.org/authors/OL7468440A,True
/works/OL19140425W,The Best of Creative computing,1976,1,OL1191776A,David H. Ahl,1,1,eng,2026-10-07T14:33:38.800327+00:00,https://openlibrary.org/works/OL19140425W,David H. Ahl,3,2019-01-22T06:21:52.258502+00:00,https://openlibrary.org/authors/OL1191776A,True
/works/OL19163918W,Python how to program,2002,2,OL203473A,Harvey M. Deitel,1,1,eng,2026-10-07T14:33:38.800327+00:00,https://openlibrary.org/works/OL19163918W,Harvey M. Deitel,8,2025-08-14T16:34:04.327615+00:00,https://openlibrary.org/authors/OL203473A,True
/works/OL1926026W,Invitation to Computer Science,1995,21,OL230918A,G. Michael Schneider,3,1,eng,2026-10-07T14:33:38.800327+00:00,https://openlibrary.org/works/OL1926026W,G. Michael Schneider,3,2020-03-13T02:07:15.577907+00:00,https://openlibrary.org/authors/OL230918A,True
/works/OL19333701W,Web2Py Manual,2008,1,OL7482211A,Massimo DiPierro,1,0,,2026-10-07T14:33:38.800327+00:00,https://openlibrary.org/works/OL19333701W,Massimo DiPierro,1,2019-03-18T12:02:20.676710+00:00,https://openlibrary.org/authors/OL7482211A,True
/works/OL19334244W,Scratch and Python: the basics (Coding Unlocked),2015,1,OL7482367A,Hywel Carver,1,0,,2026-10-07T14:33:38.800327+00:00,https://openlibrary.org/works/OL19334244W,Hywel Carver,1,2019-03-18T23:01:14.836183+00:00,https://openlibrary.org/authors/OL7482367A,True
/works/OL19396663W,Beautiful Code,2007,4,OL2726789A,Andy Oram,2,1,eng,2026-10-07T14:33:38.800327+00:00,https://openlibrary.org/works/OL19396663W,Andy Oram,5,2025-08-06T17:31:45.959641+00:00,https://openlibrary.org/authors/OL2726789A,True
/works/OL19541349W,"Learning Python for Forensics: Leverage the power of Python in forensic investigations, 2nd Edition",2019,1,OL1965911A,Preston Miller,2,0,,2026-10-07T14:33:38.800327+00:00,https://openlibrary.org/works/OL19541349W,Preston Miller,2,2008-08-22T02:50:58.959728+00:00,https://openlibrary.org/authors/OL1965911A,True
/works/OL19541371W,Machine Learning for OpenCV: Intelligent image processing with Python,2017,1,OL7494483A,Michael Beyeler,1,0,,2026-10-07T14:33:38.800327+00:00,https://openlibrary.org/works/OL19541371W,Michael Beyeler,1,2019-04-04T14:49:54.182574+00:00,https://openlibrary.org/authors/OL7494483A,True
/works/OL19541846W,PowerShell and Python Together: Targeting Digital Investigations,2019,1,OL7494617A,Chet Hosmer,1,0,,2026-10-07T14:33:38.800327+00:00,https://openlibrary.org/works/OL19541846W,Chet Hosmer,1,2019-04-04T22:19:53.246605+00:00,https://openlibrary.org/authors/OL7494617A,True
/works/OL19541851W,Foundations of Blockchain: The pathway to cryptocurrencies and decentralized blockchain applications,2019,1,OL7494620A,Koshik Raj,1,0,,2026-10-07T14:33:38.800327+00:00,https://openlibrary.org/works/OL19541851W,Koshik Raj,1,2019-04-04T22:20:16.815563+00:00,https://openlibrary.org/authors/OL7494620A,True
/works/OL19541891W,Hands-On Unsupervised Learning Using Python: How to Build Applied Machine Learning Solutions from Unlabeled Data,2019,3,OL7494640A,Ankur A. Patel,1,1,eng,2026-10-07T14:33:38.800327+00:00,https://openlibrary.org/works/OL19541891W,Ankur A. Patel,1,2019-04-04T22:29:54.511116+00:00,https://openlibrary.org/authors/OL7494640A,True
/works/OL19541893W,Natural Language Processing with PyTorch,2019,2,OL7494642A,Delip Rao,2,1,eng,2026-10-07T14:33:38.800327+00:00,https://openlibrary.org/works/OL19541893W,Delip Rao,1,2019-04-04T22:30:08.865726+00:00,https://openlibrary.org/authors/OL7494642A,True
/works/OL19541895W,Intro to Python for Computer Science and Data Science,2019,7,OL2648839A,Paul J. Deitel,2,1,eng,2026-10-07T14:33:38.800327+00:00,https://openlibrary.org/works/OL19541895W,Paul J. Deitel,7,2026-07-11T11:05:47.070633+00:00,https://openlibrary.org/authors/OL2648839A,True
/works/OL19541900W,Python for Finance: Mastering Data-Driven Finance,2018,1,OL7494647A,Yves Hilpisch,1,0,,2026-10-07T14:33:38.800327+00:00,https://openlibrary.org/works/OL19541900W,Yves Hilpisch,2,2026-08-13T04:30:41.941683+00:00,https://openlibrary.org/authors/OL7494647A,True
/works/OL19541901W,"Learn Python Programming: The no-nonsense, beginner's guide to programming, data science, and web development with Python 3.7, 2nd Edition",2018,1,OL7422726A,Fabrizio Romano,1,0,,2026-10-07T14:33:38.800327+00:00,https://openlibrary.org/works/OL19541901W,Fabrizio Romano,1,2018-10-03T08:52:46.089370+00:00,https://openlibrary.org/authors/OL7422726A,True
/works/OL19541903W,Mastering Python Scripting for System Administrators: Write scripts and automate them for real-world administration tasks using Python,2019,1,OL7494649A,Ganesh Sanjiv Naik,1,0,,2026-10-07T14:33:38.800327+00:00,https://openlibrary.org/works/OL19541903W,Ganesh Sanjiv Naik,1,2019-04-04T22:33:04.338297+00:00,https://openlibrary.org/authors/OL7494649A,True
/works/OL19541906W,Programming Bitcoin: Learn How to Program Bitcoin from Scratch,2019,1,OL7494653A,Jimmy Song,1,0,,2026-10-07T14:33:38.800327+00:00,https://openlibrary.org/works/OL19541906W,Jimmy Song,1,2019-04-04T22:33:41.524958+00:00,https://openlibrary.org/authors/OL7494653A,True
/works/OL19541907W,Learn Web Development with Python: Get hands-on with Python Programming and Django web development,2018,1,OL7422726A,Fabrizio Romano,3,0,,2026-10-07T14:33:38.800327+00:00,https://openlibrary.org/works/OL19541907W,Fabrizio Romano,1,2018-10-03T08:52:46.089370+00:00,https://openlibrary.org/authors/OL7422726A,True
/works/OL19541909W,Pro Python 3: Features and Tools for Professional Development,2019,1,OL7494656A,J. Burton Browning,1,0,,2026-10-07T14:33:38.800327+00:00,https://openlibrary.org/works/OL19541909W,J. Burton Browning,1,2019-04-04T22:34:17.399978+00:00,https://openlibrary.org/authors/OL7494656A,True
/works/OL19541912W,Learn Programming in Python with Cody Jackson: Grasp the basics of programming and Python syntax while building real-world applications,2018,1,OL7331278A,Cody Jackson,1,0,,2026-10-07T14:33:38.800327+00:00,https://openlibrary.org/works/OL19541912W,Cody Jackson,1,2016-10-14T14:09:18.028158+00:00,https://openlibrary.org/authors/OL7331278A,True
/works/OL19541933W,Block Trace Analysis and Storage System Optimization: A Practical Approach with MATLAB/Python Tools,2018,1,OL4156917A,Jun Xu,1,0,,2026-10-07T14:33:38.800327+00:00,https://openlibrary.org/works/OL19541933W,Jun Xu,1,2008-04-30T20:50:18.033121+00:00,https://openlibrary.org/authors/OL4156917A,True
/works/OL19541940W,Hands-On Penetration Testing with Python: Enhance your ethical hacking skills to build automated and intelligent systems,2019,1,OL7494688A,Furqan Khan,1,0,,2026-10-07T14:33:38.800327+00:00,https://openlibrary.org/works/OL19541940W,Furqan Khan,1,2019-04-04T22:40:36.411340+00:00,https://openlibrary.org/authors/OL7494688A,True
/works/OL19541942W,Python: Advanced Guide to Artificial Intelligence: Expert machine learning systems and intelligent agents using Python,2018,1,OL277085A,Giuseppe Bonaccorso,3,0,,2026-10-07T14:33:38.800327+00:00,https://openlibrary.org/works/OL19541942W,Giuseppe Bonaccorso,2,2008-09-04T11:17:17.544434+00:00,https://openlibrary.org/authors/OL277085A,True
/works/OL19541943W,Python Deep Learning Projects: 9 projects demystifying neural network and deep learning models for building intelligent systems,2018,1,OL7494690A,Matthew Lamons,3,0,,2026-10-07T14:33:38.800327+00:00,https://openlibrary.org/works/OL19541943W,Matthew Lamons,1,2019-04-04T22:40:48.595687+00:00,https://openlibrary.org/authors/OL7494690A,True
/works/OL19541945W,Python Deep Learning,2017,5,OL1287940A,Ivan Vasilev,5,1,eng,2026-10-07T14:33:38.800327+00:00,https://openlibrary.org/works/OL19541945W,Ivan Vasilev,2,2008-09-13T06:30:31.825863+00:00,https://openlibrary.org/authors/OL1287940A,True
/works/OL19541947W,Deep Learning with Python,2017,7,OL7494702A,Francois Chollet,3,1,eng,2026-10-07T14:33:38.800327+00:00,https://openlibrary.org/works/OL19541947W,Francois Chollet,2,2026-08-27T15:40:19.350954+00:00,https://openlibrary.org/authors/OL7494702A,True
/works/OL19541948W,Data Visualization with Python: Create an impact with meaningful data insights using interactive and engaging visuals,2019,1,OL7494703A,Mario Döbler,2,0,,2026-10-07T14:33:38.800327+00:00,https://openlibrary.org/works/OL19541948W,Mario Döbler,1,2019-04-04T22:42:02.444177+00:00,https://openlibrary.org/authors/OL7494703A,True
/works/OL19541949W,Intelligent Projects Using Python: 9 real-world AI projects leveraging machine learning and deep learning with TensorFlow and Keras,2019,1,OL7494705A,Santanu Pattanayak,1,0,,2026-10-07T14:33:38.800327+00:00,https://openlibrary.org/works/OL19541949W,Santanu Pattanayak,1,2019-04-04T22:42:15.440286+00:00,https://openlibrary.org/authors/OL7494705A,True
/works/OL19541951W,Data Wrangling with Python: Creating actionable data from raw sources,2019,1,OL7494706A,Dr. Tirthajyoti Sarkar,2,0,,2026-10-07T14:33:38.800327+00:00,https://openlibrary.org/works/OL19541951W,Dr. Tirthajyoti Sarkar,1,2019-04-04T22:42:27.312628+00:00,https://openlibrary.org/authors/OL7494706A,True
/works/OL19541962W,Cracking Codes with Python,2018,1,OL7244458A,Al Sweigart,1,0,,2026-10-07T14:33:38.800327+00:00,https://openlibrary.org/works/OL19541962W,Al Sweigart,8,2026-02-01T21:10:41.088204+00:00,https://openlibrary.org/authors/OL7244458A,True
/works/OL19541963W,"Serious Python: Black-Belt Advice on Deployment, Scalability, Testing, and More",2018,1,OL7494718A,Julien Danjou,1,0,,2026-10-07T14:33:38.800327+00:00,https://openlibrary.org/works/OL19541963W,Julien Danjou,1,2019-04-04T22:44:24.180122+00:00,https://openlibrary.org/authors/OL7494718A,True
/works/OL19541988W,"Building Serverless Applications with Python: Develop fast, scalable, and cost-effective web applications that are always available",2018,1,OL7494729A,Jalem Raj Rohit,1,0,,2026-10-07T14:33:38.800327+00:00,https://openlibrary.org/works/OL19541988W,Jalem Raj Rohit,1,2019-04-04T22:48:51.685904+00:00,https://openlibrary.org/authors/OL7494729A,True
/works/OL19542018W,Deep Learning and the Game of Go,2019,2,OL7494747A,Max Pumperla,2,1,eng,2026-10-07T14:33:38.800327+00:00,https://openlibrary.org/works/OL19542018W,Max Pumperla,1,2019-04-04T22:54:06.915328+00:00,https://openlibrary.org/authors/OL7494747A,True
/works/OL19542021W,"Python Machine Learning Blueprints: Put your machine learning concepts to the test by developing real-world smart projects, 2nd Edition",2019,1,OL7494749A,Alexander Combs,2,0,,2026-10-07T14:33:38.800327+00:00,https://openlibrary.org/works/OL19542021W,Alexander Combs,1,2019-04-04T22:54:31.450844+00:00,https://openlibrary.org/authors/OL7494749A,True
/works/OL19542023W,Python Network Programming: Conquer all your networking challenges with the powerful Python language,2019,1,OL7494750A,Abhishek Ratan,4,0,,2026-10-07T14:33:38.800327+00:00,https://openlibrary.org/works/OL19542023W,Abhishek Ratan,1,2019-04-04T22:54:43.548626+00:00,https://openlibrary.org/authors/OL7494750A,True
/works/OL19542031W,Practical Programming,2017,1,OL2679990A,Paul Gries,3,1,eng,2026-10-07T14:33:38.800327+00:00,https://openlibrary.org/works/OL19542031W,Paul Gries,1,2008-04-29T13:35:46.876380+00:00,https://openlibrary.org/authors/OL2679990A,True
/works/OL19542075W,Python Artificial Intelligence Projects for Beginners: Get up and running with Artificial Intelligence using 8 smart and exciting AI applications,2018,1,OL7494777A,Joshua Eckroth,1,0,,2026-10-07T14:33:38.800327+00:00,https://openlibrary.org/works/OL19542075W,Joshua Eckroth,1,2019-04-04T22:59:56.655332+00:00,https://openlibrary.org/authors/OL7494777A,True
/works/OL19542121W,Artificial Intelligence By Example: Develop machine intelligence from scratch using real artificial intelligence use cases,2018,1,OL7494689A,Denis Rothman,1,0,,2026-10-07T14:33:38.800327+00:00,https://openlibrary.org/works/OL19542121W,Denis Rothman,1,2019-04-04T22:40:48.595687+00:00,https://openlibrary.org/authors/OL7494689A,True
/works/OL19542143W,Numerical Computing with Python: Harness the power of Python to analyze and find hidden patterns in the data,2018,1,OL7494797A,Pratap Dangeti,5,0,,2026-10-07T14:33:38.800327+00:00,https://openlibrary.org/works/OL19542143W,Pratap Dangeti,1,2019-04-04T23:05:55.051694+00:00,https://openlibrary.org/authors/OL7494797A,True
/works/OL19542144W,Numerical Python,2018,1,OL7494802A,Robert Johansson,1,1,eng,2026-10-07T14:33:38.800327+00:00,https://openlibrary.org/works/OL19542144W,Robert Johansson,1,2019-04-04T23:06:07.201198+00:00,https://openlibrary.org/authors/OL7494802A,True
/works/OL19542145W,Matplotlib 3.0 Cookbook: Over 150 recipes to create highly detailed interactive visualizations using Python,2018,1,OL7494803A,Srinivasa Rao Poladi,1,0,,2026-10-07T14:33:38.800327+00:00,https://openlibrary.org/works/OL19542145W,Srinivasa Rao Poladi,1,2019-04-04T23:06:18.842562+00:00,https://openlibrary.org/authors/OL7494803A,True
/works/OL19542156W,Hands-On Software Engineering with Python: Move beyond basic programming and construct reliable and efficient software with complex code,2018,1,OL7494812A,Brian Allbee,1,0,,2026-10-07T14:33:38.800327+00:00,https://openlibrary.org/works/OL19542156W,Brian Allbee,1,2019-04-04T23:08:22.524162+00:00,https://openlibrary.org/authors/OL7494812A,True
/works/OL19542175W,Mastering Exploratory Analysis with pandas: Build an end-to-end data analysis workflow with Python,2018,1,OL7494824A,Harish Garg,1,0,,2026-10-07T14:33:38.800327+00:00,https://openlibrary.org/works/OL19542175W,Harish Garg,1,2019-04-04T23:11:51.257811+00:00,https://openlibrary.org/authors/OL7494824A,True
/works/OL19542178W,Mastering Predictive Analytics with scikit-learn and TensorFlow: Implement machine learning techniques to build advanced predictive models using Python,2018,1,OL7494825A,Alan Fontaine,1,0,,2026-10-07T14:33:38.800327+00:00,https://openlibrary.org/works/OL19542178W,Alan Fontaine,1,2019-04-04T23:12:23.760390+00:00,https://openlibrary.org/authors/OL7494825A,True
/works/OL19542201W,"Applied Data Science with Python and Jupyter: Use powerful industry-standard tools to unlock new, actionable insights from your data",2018,2,OL7494850A,Alex Galea,1,1,eng,2026-10-07T14:33:38.800327+00:00,https://openlibrary.org/works/OL19542201W,Alex Galea,1,2019-04-04T23:17:50.970454+00:00,https://openlibrary.org/authors/OL7494850A,True
/works/OL19542202W,"Python Fundamentals: A practical guide for learning Python, complete with real-world projects for you to explore",2018,1,OL7494851A,Ryan Marvin,3,0,,2026-10-07T14:33:38.800327+00:00,https://openlibrary.org/works/OL19542202W,Ryan Marvin,1,2019-04-04T23:18:02.717168+00:00,https://openlibrary.org/authors/OL7494851A,True
/works/OL19542215W,Python Reinforcement Learning Projects: Eight hands-on projects exploring reinforcement learning algorithms using TensorFlow,2018,1,OL7494868A,Sean Saito,3,0,,2026-10-07T14:33:38.800327+00:00,https://openlibrary.org/works/OL19542215W,Sean Saito,1,2019-04-04T23:20:58.620134+00:00,https://openlibrary.org/authors/OL7494868A,True
/works/OL19542217W,Hands-On Markov Models with Python: Implement probabilistic models for learning complex data sequences using the Python ecosystem,2018,1,OL7494871A,Ankur Ankan,2,0,,2026-10-07T14:33:38.800327+00:00,https://openlibrary.org/works/OL19542217W,Ankur Ankan,1,2019-04-04T23:21:29.329937+00:00,https://openlibrary.org/authors/OL7494871A,True
/works/OL19542243W,Expert Twisted,2018,1,OL7230297A,Mark Williams,7,0,,2026-10-07T14:33:38.800327+00:00,https://openlibrary.org/works/OL19542243W,Mark Williams,1,2014-11-17T02:23:44.645388+00:00,https://openlibrary.org/authors/OL7230297A,True
/works/OL19542244W,Practical Computer Vision Applications Using Deep Learning with CNNs: With Detailed Examples in Python Using TensorFlow and Kivy,2018,1,OL7494895A,Ahmed Fawzy Gad,1,0,,2026-10-07T14:33:38.800327+00:00,https://openlibrary.org/works/OL19542244W,Ahmed Fawzy Gad,1,2019-04-04T23:29:19.038553+00:00,https://openlibrary.org/authors/OL7494895A,True
/works/OL19542254W,Machine Learning with Python Cookbook: Practical Solutions from Preprocessing to Deep Learning,2018,1,OL7494901A,Chris Albon,1,0,,2026-10-07T14:33:38.800327+00:00,https://openlibrary.org/works/OL19542254W,Chris Albon,1,2019-04-04T23:31:22.897725+00:00,https://openlibrary.org/authors/OL7494901A,True
/works/OL19542255W,Python Descriptors: Understanding and Using the Descriptor Protocol,2018,1,OL2386307A,Jacob Zimmerman,1,0,,2026-10-07T14:33:38.800327+00:00,https://openlibrary.org/works/OL19542255W,Jacob Zimmerman,2,2008-09-07T22:59:22.318334+00:00,https://openlibrary.org/authors/OL2386307A,True
/works/OL19542292W,Impractical Python Projects: Playful Programming Activities to Make You Smarter,2018,1,OL7494931A,Lee Vaughan,1,0,,2026-10-07T14:33:38.800327+00:00,https://openlibrary.org/works/OL19542292W,Lee Vaughan,1,2019-04-04T23:42:26.872152+00:00,https://openlibrary.org/authors/OL7494931A,True
/works/OL19542295W,pytest Quick Start Guide: Write better Python code with simple and maintainable tests,2018,1,OL7340801A,Bruno Oliveira,1,0,,2026-10-07T14:33:38.800327+00:00,https://openlibrary.org/works/OL19542295W,Bruno Oliveira,1,2016-10-14T18:05:53.109989+00:00,https://openlibrary.org/authors/OL7340801A,True
/works/OL19542311W,Data Analysis and Visualization Using Python: Analyze Data to Create Visualizations for BI Systems,2018,1,OL7494955A,Dr. Ossama Embarak,1,0,,2026-10-07T14:33:38.800327+00:00,https://openlibrary.org/works/OL19542311W,Dr. Ossama Embarak,1,2019-04-04T23:47:33.507406+00:00,https://openlibrary.org/authors/OL7494955A,True
/works/OL19542322W,"Mastering Python Design Patterns: A guide to creating smart, efficient, and reusable software, 2nd Edition",2018,1,OL3121166A,Kamon Ayeva,2,0,,2026-10-07T14:33:38.800327+00:00,https://openlibrary.org/works/OL19542322W,Kamon Ayeva,1,2008-04-30T09:38:13.731961+00:00,https://openlibrary.org/authors/OL3121166A,True
/works/OL19542326W,"Mastering Python Networking: Your one-stop solution to using Python for network automation, DevOps, and Test-Driven Development, 2nd Edition",2018,1,OL4762654A,Eric Chou,1,0,,2026-10-07T14:33:38.800327+00:00,https://openlibrary.org/works/OL19542326W,Eric Chou,1,2008-09-17T00:39:58.632228+00:00,https://openlibrary.org/authors/OL4762654A,True
/works/OL19542327W,Python Automation Cookbook: Explore the world of automation using Python recipes that will enhance your skills,2018,1,OL7494969A,Jaime Buelta,1,0,,2026-10-07T14:33:38.800327+00:00,https://openlibrary.org/works/OL19542327W,Jaime Buelta,1,2019-04-04T23:51:20.442096+00:00,https://openlibrary.org/authors/OL7494969A,True
/works/OL19542350W,Monetizing Machine Learning: Quickly Turn Python ML Ideas into Web Applications on the Serverless Cloud,2018,1,OL7494990A,Manuel Amunategui,1,0,,2026-10-07T14:33:38.800327+00:00,https://openlibrary.org/works/OL19542350W,Manuel Amunategui,1,2019-04-04T23:57:24.573851+00:00,https://openlibrary.org/authors/OL7494990A,True
/works/OL19542375W,"Practical Video Game Bots: Automating Game Processes using C++, Python, and AutoIt",2018,1,OL7495016A,Ilya Shpigor,1,0,,2026-10-07T14:33:38.800327+00:00,https://openlibrary.org/works/OL19542375W,Ilya Shpigor,1,2019-04-05T00:03:12.516943+00:00,https://openlibrary.org/authors/OL7495016A,True
/works/OL19542381W,TensorFlow 1.x Deep Learning Cookbook: Over 90 unique recipes to solve artificial-intelligence driven problems with Python,2017,1,OL7495019A,Antonio Gulli,2,0,,2026-10-07T14:33:38.800327+00:00,https://openlibrary.org/works/OL19542381W,Antonio Gulli,1,2019-04-05T00:05:00.165204+00:00,https://openlibrary.org/authors/OL7495019A,True
/works/OL19542389W,Mastering Python for Networking and Security: Leverage Python scripts and libraries to overcome networking and security issues,2018,1,OL7495029A,José Manuel Ortega,1,0,,2026-10-07T14:33:38.800327+00:00,https://openlibrary.org/works/OL19542389W,José Manuel Ortega,2,2021-09-18T07:51:48.009045+00:00,https://openlibrary.org/authors/OL7495029A,True
/works/OL19542393W,"Building Machine Learning Systems with Python: Explore machine learning and deep learning techniques for building intelligent systems using scikit-learn and TensorFlow, 3rd Edition",2018,1,OL7495032A,Luis Pedro Coelho,3,0,,2026-10-07T14:33:38.800327+00:00,https://openlibrary.org/works/OL19542393W,Luis Pedro Coelho,1,2019-04-05T00:08:22.148521+00:00,https://openlibrary.org/authors/OL7495032A,True
/works/OL19542406W,Hands-On Transfer Learning with Python: Implement advanced deep learning and neural network models using TensorFlow and Keras,2018,1,OL7485225A,Dipanjan Sarkar,3,0,,2026-10-07T14:33:38.800327+00:00,https://openlibrary.org/works/OL19542406W,Dipanjan Sarkar,1,2019-03-22T08:28:23.895536+00:00,https://openlibrary.org/authors/OL7485225A,True
/works/OL19542414W,"Python Social Media Analytics: Analyze and visualize data from Twitter, YouTube, GitHub, and more",2017,1,OL3696A,Siddhartha Chatterjee,2,0,,2026-10-07T14:33:38.800327+00:00,https://openlibrary.org/works/OL19542414W,Siddhartha Chatterjee,3,2021-10-10T02:05:25.605459+00:00,https://openlibrary.org/authors/OL3696A,True
/works/OL19542424W,"TensorFlow Machine Learning Cookbook: Over 60 recipes to build intelligent machine learning systems with the power of Python, 2nd Edition",2018,1,OL7495058A,Nick McClure,1,0,,2026-10-07T14:33:38.800327+00:00,https://openlibrary.org/works/OL19542424W,Nick McClure,1,2019-04-05T00:15:31.319384+00:00,https://openlibrary.org/authors/OL7495058A,True
/works/OL19542426W,Qt5 Python GUI Programming Cookbook: Building responsive and powerful cross-platform applications with PyQt,2018,1,OL4204179A,B.M. Harwani,1,0,,2026-10-07T14:33:38.800327+00:00,https://openlibrary.org/works/OL19542426W,B.M. Harwani,1,2008-04-30T20:50:18.033121+00:00,https://openlibrary.org/authors/OL4204179A,True
/works/OL19542473W,"Practical Docker with Python: Build, Release and Distribute your Python App with Docker",2018,1,OL7495097A,Sathyajith Bhat,1,0,,2026-10-07T14:33:38.800327+00:00,https://openlibrary.org/works/OL19542473W,Sathyajith Bhat,1,2019-04-05T00:27:41.599714+00:00,https://openlibrary.org/authors/OL7495097A,True
/works/OL19542484W,"Hands-On Recommendation Systems with Python: Start building powerful and personalized, recommendation engines with Python",2018,1,OL7495111A,Rounak Banik,1,0,,2026-10-07T14:33:38.800327+00:00,https://openlibrary.org/works/OL19542484W,Rounak Banik,1,2019-04-05T00:30:31.828707+00:00,https://openlibrary.org/authors/OL7495111A,True
/works/OL19542487W,Hands-On Natural Language Processing with Python: A practical guide to applying deep learning architectures to your NLP applications,2018,1,OL7495114A,Rajesh Arumugam,2,0,,2026-10-07T14:33:38.800327+00:00,https://openlibrary.org/works/OL19542487W,Rajesh Arumugam,1,2019-04-05T00:30:56.018819+00:00,https://openlibrary.org/authors/OL7495114A,True
/works/OL19542489W,Secret Recipes of the Python Ninja: Over 70 recipes that uncover powerful programming tactics in Python,2018,1,OL7331278A,Cody Jackson,1,0,,2026-10-07T14:33:38.800327+00:00,https://openlibrary.org/works/OL19542489W,Cody Jackson,1,2016-10-14T14:09:18.028158+00:00,https://openlibrary.org/authors/OL7331278A,True
/works/OL19542490W,Begin to Code with Python,2017,3,OL3420241A,Rob Miles,1,1,eng,2026-10-07T14:33:38.800327+00:00,https://openlibrary.org/works/OL19542490W,Rob Miles,1,2008-04-30T09:38:13.731961+00:00,https://openlibrary.org/authors/OL3420241A,True
/works/OL19542511W,ArcPy and ArcGIS - Second Edition: Automating ArcGIS for Desktop and ArcGIS Online with Python,2017,1,OL7495136A,Silas Toms,2,0,,2026-10-07T14:33:38.800327+00:00,https://openlibrary.org/works/OL19542511W,Silas Toms,1,2019-04-05T00:35:55.680322+00:00,https://openlibrary.org/authors/OL7495136A,True
/works/OL19542541W,Get Programming,2018,1,OL7495160A,Ana Bell,1,1,eng,2026-10-07T14:33:38.800327+00:00,https://openlibrary.org/works/OL19542541W,Ana Bell,1,2019-04-05T00:40:54.928593+00:00,https://openlibrary.org/authors/OL7495160A,True
/works/OL19542542W,The Quick Python Book,2018,2,OL7495161A,Naomi Ceder,1,1,eng,2026-10-07T14:33:38.800327+00:00,https://openlibrary.org/works/OL19542542W,Naomi Ceder,1,2019-04-05T00:41:06.727996+00:00,https://openlibrary.org/authors/OL7495161A,True
/works/OL19542547W,SciPy Recipes: A cookbook with over 110 proven recipes for performing mathematical and scientific computations,2017,1,OL7495164A,L. Felipe Martins,3,0,,2026-10-07T14:33:38.800327+00:00,https://openlibrary.org/works/OL19542547W,L. Felipe Martins,1,2019-04-05T00:41:58.804668+00:00,https://openlibrary.org/authors/OL7495164A,True
/works/OL19542561W,Think Complexity: Complexity Science and Computational Modeling,2012,5,OL6815485A,Allen B. Downey,1,1,eng,2026-10-07T14:33:38.800327+00:00,https://openlibrary.org/works/OL19542561W,Allen B. Downey,4,2022-10-19T05:24:47.037637+00:00,https://openlibrary.org/authors/OL6815485A,True
/works/OL19542589W,Head First Learn to Code: A Learner's Guide to Coding and Computational Thinking,2018,1,OL2670067A,Eric Freeman,1,0,,2026-10-07T14:33:38.800327+00:00,https://openlibrary.org/works/OL19542589W,Eric Freeman,1,2008-04-29T13:35:46.876380+00:00,https://openlibrary.org/authors/OL2670067A,True
/works/OL19542611W,Natural Language Processing with TensorFlow: Teach language to machines using Python's deep learning library,2018,1,OL7495219A,Thushan Ganegedara,1,0,,2026-10-07T14:33:38.800327+00:00,https://openlibrary.org/works/OL19542611W,Thushan Ganegedara,1,2019-04-05T00:55:03.033073+00:00,https://openlibrary.org/authors/OL7495219A,True
/works/OL19542612W,Python GUI Programming with Tkinter: Develop responsive and powerful GUI applications with Tkinter,2018,1,OL4861902A,Alan D. Moore,1,0,,2026-10-07T14:33:38.800327+00:00,https://openlibrary.org/works/OL19542612W,Alan D. Moore,1,2008-09-19T14:29:13.237735+00:00,https://openlibrary.org/authors/OL4861902A,True
/works/OL19542626W,Deep Learning Cookbook,2018,1,OL7495234A,Douwe Osinga,1,1,eng,2026-10-07T14:33:38.800327+00:00,https://openlibrary.org/works/OL19542626W,Douwe Osinga,1,2019-04-05T00:57:43.186592+00:00,https://openlibrary.org/authors/OL7495234A,True
/works/OL19542630W,Starting Out with Python (4th Edition),2017,1,OL1427519A,Tony Gaddis,1,0,,2026-10-07T14:33:38.800327+00:00,https://openlibrary.org/works/OL19542630W,Tony Gaddis,3,2018-04-26T01:17:42.902020+00:00,https://openlibrary.org/authors/OL1427519A,True
/works/OL19542638W,Hands-On Data Analysis with NumPy and pandas: Implement Python packages from data manipulation to processing,2018,1,OL3828730A,Curtis Miller,1,0,,2026-10-07T14:33:38.800327+00:00,https://openlibrary.org/works/OL19542638W,Curtis Miller,1,2008-04-30T20:50:18.033121+00:00,https://openlibrary.org/authors/OL3828730A,True
/works/OL19542643W,PySpark Cookbook: Over 60 recipes for implementing big data processing and analytics using Apache Spark and Python,2018,1,OL3045923A,Denny Lee,2,0,,2026-10-07T14:33:38.800327+00:00,https://openlibrary.org/works/OL19542643W,Denny Lee,1,2008-04-30T08:14:56.482104+00:00,https://openlibrary.org/authors/OL3045923A,True
/works/OL19542646W,Hands-On Cryptography with Python: Leverage the power of Python to encrypt and decrypt data,2018,1,OL7495250A,Samuel Bowne,1,0,,2026-10-07T14:33:38.800327+00:00,https://openlibrary.org/works/OL19542646W,Samuel Bowne,1,2019-04-05T01:02:04.288821+00:00,https://openlibrary.org/authors/OL7495250A,True
/works/OL19542652W,Hands-On Enterprise Automation with Python.: Automate common administrative and security tasks with Python,2018,1,OL7495256A,Bassem Aly,1,0,,2026-10-07T14:33:38.800327+00:00,https://openlibrary.org/works/OL19542652W,Bassem Aly,1,2019-04-05T01:03:05.853734+00:00,https://openlibrary.org/authors/OL7495256A,True
/works/OL19542654W,Mastering Numerical Computing with NumPy,2018,2,OL7495258A,Umit Mert Cakmak,2,1,eng,2026-10-07T14:33:38.800327+00:00,https://openlibrary.org/works/OL19542654W,Umit Mert Cakmak,1,2019-04-05T01:03:30.808133+00:00,https://openlibrary.org/authors/OL7495258A,True
/works/OL19542664W,"Learning Robotics using Python: Design, simulate, program, and prototype an autonomous mobile robot using ROS, OpenCV, PCL, and Python, 2nd Edition",2018,1,OL7293630A,Lentin Joseph,1,0,,2026-10-07T14:33:38.800327+00:00,https://openlibrary.org/works/OL19542664W,Lentin Joseph,1,2016-09-15T05:40:25.672244+00:00,https://openlibrary.org/authors/OL7293630A,True
/works/OL19542670W,"Python Penetration Testing Cookbook: Practical recipes on implementing information gathering, network security, intrusion detection, and post-exploitation",2017,1,OL7495271A,Rejah Rehim,1,0,,2026-10-07T14:33:38.800327+00:00,https://openlibrary.org/works/OL19542670W,Rejah Rehim,1,2019-04-05T01:06:27.615596+00:00,https://openlibrary.org/authors/OL7495271A,True
/works/OL19542673W,Learning Python Web Penetration Testing: Automate web penetration testing activities using Python,2018,1,OL7495273A,Christian Martorella,1,0,,2026-10-07T14:33:38.800327+00:00,https://openlibrary.org/works/OL19542673W,Christian Martorella,1,2019-04-05T01:07:04.754791+00:00,https://openlibrary.org/authors/OL7495273A,True
/works/OL19542680W,Deep Learning for Natural Language Processing: Creating Neural Networks with Python,2018,1,OL7495281A,Palash Goyal,1,0,,2026-10-07T14:33:38.800327+00:00,https://openlibrary.org/works/OL19542680W,Palash Goyal,1,2019-04-05T01:08:31.330630+00:00,https://openlibrary.org/authors/OL7495281A,True
/works/OL19542701W,"Python Programming Blueprints: Build nine projects by leveraging powerful frameworks such as Flask, Nameko, and Django",2017,1,OL7495302A,Daniel Furtado,2,0,,2026-10-07T14:33:38.800327+00:00,https://openlibrary.org/works/OL19542701W,Daniel Furtado,1,2019-04-05T01:12:26.142078+00:00,https://openlibrary.org/authors/OL7495302A,True
/works/OL19542704W,Data Analytics with Spark Using Python (Addison-Wesley Data & Analytics Series),2018,1,OL7495304A,Jeffrey Aven,1,0,,2026-10-07T14:33:38.800327+00:00,https://openlibrary.org/works/OL19542704W,Jeffrey Aven,1,2019-04-05T01:13:02.251790+00:00,https://openlibrary.org/authors/OL7495304A,True
/works/OL19542706W,Hands-On Data Visualization with Bokeh: Interactive web plotting for Python using Bokeh,2018,1,OL7495307A,Kevin Jolly,1,0,,2026-10-07T14:33:38.800327+00:00,https://openlibrary.org/works/OL19542706W,Kevin Jolly,1,2019-04-05T01:13:32.114460+00:00,https://openlibrary.org/authors/OL7495307A,True
/works/OL19542713W,Python Graphics: A Reference for Creating 2D and 3D Images,2018,1,OL7495312A,B.J. Korites,1,0,,2026-10-07T14:33:38.800327+00:00,https://openlibrary.org/works/OL19542713W,B.J. Korites,1,2019-04-05T01:15:01.245886+00:00,https://openlibrary.org/authors/OL7495312A,True
/works/OL19542715W,Python Interviews: Discussions with Python Experts,2018,1,OL7495314A,Mike Driscoll,1,0,,2026-10-07T14:33:38.800327+00:00,https://openlibrary.org/works/OL19542715W,Mike Driscoll,1,2019-04-05T01:15:26.828361+00:00,https://openlibrary.org/authors/OL7495314A,True
/works/OL19542719W,Learn Raspberry Pi Programming with Python: Learn to Program on the World's Most Popular Tiny Computer,2018,1,OL7495316A,Wolfram Donat,1,0,,2026-10-07T14:33:38.800327+00:00,https://openlibrary.org/works/OL19542719W,Wolfram Donat,1,2019-04-05T01:16:03.273255+00:00,https://openlibrary.org/authors/OL7495316A,True
/works/OL19542745W,Complex Network Analysis in Python,2018,1,OL3702667A,Dmitry Zinoviev,1,1,eng,2026-10-07T14:33:38.800327+00:00,https://openlibrary.org/works/OL19542745W,Dmitry Zinoviev,3,2026-07-06T02:23:37.885935+00:00,https://openlibrary.org/authors/OL3702667A,True
/works/OL19542746W,"Python Testing with pytest: Simple, Rapid, Effective, and Scalable",2017,1,OL7495340A,Brian Okken,1,0,,2026-10-07T14:33:38.800327+00:00,https://openlibrary.org/works/OL19542746W,Brian Okken,1,2019-04-05T01:21:25.655386+00:00,https://openlibrary.org/authors/OL7495340A,True
/works/OL19542773W,A Concise Introduction to Programming in Python (Chapman & Hall/CRC Textbooks in Computing),2011,11,OL7495362A,Mark J. Johnson,1,1,eng,2026-10-07T14:33:38.800327+00:00,https://openlibrary.org/works/OL19542773W,Mark J. Johnson,1,2019-04-05T01:26:40.419522+00:00,https://openlibrary.org/authors/OL7495362A,True
/works/OL19542778W,Django 2 by Example: Build powerful and reliable Python web applications from scratch,2018,1,OL7495367A,Antonio Mele,1,0,,2026-10-07T14:33:38.800327+00:00,https://openlibrary.org/works/OL19542778W,Antonio Mele,1,2019-04-05T01:27:32.182864+00:00,https://openlibrary.org/authors/OL7495367A,True
/works/OL19542821W,The Python 3 Standard Library by Example (Developer's Library),2017,1,OL6995475A,Doug Hellmann,1,0,,2026-10-07T14:33:38.800327+00:00,https://openlibrary.org/works/OL19542821W,Doug Hellmann,1,2011-10-22T04:04:54.510447+00:00,https://openlibrary.org/authors/OL6995475A,True
/works/OL19542824W,Data Science Fundamentals for Python and MongoDB,2018,1,OL2653132A,David Paper,1,0,,2026-10-07T14:33:38.800327+00:00,https://openlibrary.org/works/OL19542824W,David Paper,1,2008-04-29T13:35:46.876380+00:00,https://openlibrary.org/authors/OL2653132A,True
/works/OL19542839W,Practical Network Automation: Leverage the power of Python and Ansible to optimize your network,2017,1,OL7494750A,Abhishek Ratan,1,0,,2026-10-07T14:33:38.800327+00:00,https://openlibrary.org/works/OL19542839W,Abhishek Ratan,1,2019-04-04T22:54:43.548626+00:00,https://openlibrary.org/authors/OL7494750A,True
/works/OL19542840W,Python for Beginners: 2018 Edition: Learn to Code with Python!,2018,1,OL7495405A,Mark Lassoff,2,1,eng,2026-10-07T14:33:38.800327+00:00,https://openlibrary.org/works/OL19542840W,Mark Lassoff,2,2024-05-12T13:15:26.455979+00:00,https://openlibrary.org/authors/OL7495405A,True
/works/OL19542894W,Python for Offensive PenTest: A practical guide to ethical hacking and penetration testing using Python,2018,1,OL7495448A,Hussam Khrais,1,0,,2026-10-07T14:33:38.800327+00:00,https://openlibrary.org/works/OL19542894W,Hussam Khrais,1,2019-04-05T01:51:19.912839+00:00,https://openlibrary.org/authors/OL7495448A,True
/works/OL19542905W,Matplotlib for Python Developers,2018,2,OL7494800A,Aldrin Yim,3,1,eng,2026-10-07T14:33:38.800327+00:00,https://openlibrary.org/works/OL19542905W,Aldrin Yim,1,2019-04-04T23:05:55.051694+00:00,https://openlibrary.org/authors/OL7494800A,True
/works/OL19542906W,"Mastering Linux Shell Scripting: A practical guide to Linux command-line, Bash scripting, and Shell programming, 2nd Edition",2018,1,OL7495456A,Mokhtar Ebrahim,2,1,eng,2026-10-07T14:33:38.800327+00:00,https://openlibrary.org/works/OL19542906W,Mokhtar Ebrahim,1,2019-04-05T01:54:37.668887+00:00,https://openlibrary.org/authors/OL7495456A,True
/works/OL19542926W,Django RESTful Web Services: The easiest way to build Python RESTful APIs and web services with Django,2018,1,OL7494654A,Gaston C. Hillar,1,0,,2026-10-07T14:33:38.800327+00:00,https://openlibrary.org/works/OL19542926W,Gaston C. Hillar,1,2019-04-04T22:33:54.150784+00:00,https://openlibrary.org/authors/OL7494654A,True
/works/OL19542931W,scikit-learn : Machine Learning Simplified: Implement scikit-learn into every step of the data science pipeline,2017,1,OL7495486A,Raul Garreta,4,0,,2026-10-07T14:33:38.800327+00:00,https://openlibrary.org/works/OL19542931W,Raul Garreta,1,2019-04-05T01:58:58.283386+00:00,https://openlibrary.org/authors/OL7495486A,True
/works/OL19542933W,Practical Web Scraping for Data Science: Best Practices and Examples with Python,2018,1,OL7495490A,Seppe vanden Broucke,1,0,,2026-10-07T14:33:38.800327+00:00,https://openlibrary.org/works/OL19542933W,Seppe vanden Broucke,1,2019-04-05T01:59:10.913652+00:00,https://openlibrary.org/authors/OL7495490A,True
/works/OL19542953W,"Functional Python Programming: Discover the power of functional programming, generator functions, lazy evaluation, the built-in itertools library, and monads, 2nd Edition",2018,1,OL7495504A,Steven F. Lott,1,0,,2026-10-07T14:33:38.800327+00:00,https://openlibrary.org/works/OL19542953W,Steven F. Lott,1,2019-04-05T02:03:12.640455+00:00,https://openlibrary.org/authors/OL7495504A,True
/works/OL19542968W,"Deep Learning with TensorFlow: Explore neural networks and build intelligent systems with Python, 2nd Edition",2018,1,OL7495517A,Giancarlo Zaccone,2,0,,2026-10-07T14:33:38.800327+00:00,https://openlibrary.org/works/OL19542968W,Giancarlo Zaccone,1,2019-04-05T02:07:12.584770+00:00,https://openlibrary.org/authors/OL7495517A,True
/works/OL19542972W,Data Science and Analytics with Python (Chapman & Hall/CRC Data Mining and Knowledge Discovery Series),2017,1,OL7495520A,Jesus Rogel-Salazar,1,0,,2026-10-07T14:33:38.800327+00:00,https://openlibrary.org/works/OL19542972W,Jesus Rogel-Salazar,1,2019-04-05T02:07:49.478234+00:00,https://openlibrary.org/authors/OL7495520A,True
/works/OL19542994W,"Deep Learning with Applications Using Python: Chatbots and Face, Object, and Speech Recognition With TensorFlow and Keras",2018,1,OL7495536A,Navin Kumar Manaswi,1,0,,2026-10-07T14:33:38.800327+00:00,https://openlibrary.org/works/OL19542994W,Navin Kumar Manaswi,1,2019-04-05T02:12:25.494471+00:00,https://openlibrary.org/authors/OL7495536A,True
/works/OL19543004W,"Tkinter GUI Application Development Blueprints - Second Edition: Build nine projects by working with widgets, geometry management, event handling, and more",2018,1,OL7495546A,Bhaskar Chaudhary,1,0,,2026-10-07T14:33:38.800327+00:00,https://openlibrary.org/works/OL19543004W,Bhaskar Chaudhary,1,2019-04-05T02:14:19.091188+00:00,https://openlibrary.org/authors/OL7495546A,True
/works/OL19543005W,Tkinter GUI Programming by Example: Learn to create modern GUIs using Tkinter by building real-world projects in Python,2018,1,OL6476736A,David Love,1,0,,2026-10-07T14:33:38.800327+00:00,https://openlibrary.org/works/OL19543005W,David Love,1,2008-11-16T05:14:11.022908+00:00,https://openlibrary.org/authors/OL6476736A,True
/works/OL19543024W,OpenCV 3 Computer Vision with Python Cookbook: Leverage the power of OpenCV 3 and Python to build computer vision applications,2018,1,OL7495574A,Alexey Spizhevoy,2,0,,2026-10-07T14:33:38.800327+00:00,https://openlibrary.org/works/OL19543024W,Alexey Spizhevoy,1,2019-04-05T02:18:05.209158+00:00,https://openlibrary.org/authors/OL7495574A,True
/works/OL19543033W,Python Web Scraping Cookbook,2018,2,OL7495583A,Michael Heydt,1,1,eng,2026-10-07T14:33:38.800327+00:00,https://openlibrary.org/works/OL19543033W,Michael Heydt,1,2019-04-05T02:19:54.950949+00:00,https://openlibrary.org/authors/OL7495583A,True
/works/OL19543060W,"Advanced Data Analytics Using Python: With Machine Learning, Deep Learning and NLP Examples",2018,1,OL7495615A,Sayan Mukhopadhyay,1,0,,2026-10-07T14:33:38.800327+00:00,https://openlibrary.org/works/OL19543060W,Sayan Mukhopadhyay,1,2019-04-05T02:24:45.541224+00:00,https://openlibrary.org/authors/OL7495615A,True
/works/OL19543100W,Good Habits for Great Coding: Improving Programming Skills with Examples in Python,2018,1,OL407886A,Michael Stueben,1,0,,2026-10-07T14:33:38.800327+00:00,https://openlibrary.org/works/OL19543100W,Michael Stueben,2,2008-09-02T19:48:30.198619+00:00,https://openlibrary.org/authors/OL407886A,True
/works/OL19543113W,The Python Apprentice,2017,2,OL7495655A,Robert Smallshire,2,1,eng,2026-10-07T14:33:38.800327+00:00,https://openlibrary.org/works/OL19543113W,Robert Smallshire,1,2019-04-05T02:36:44.178404+00:00,https://openlibrary.org/authors/OL7495655A,True
/works/OL19543135W,scikit-learn Cookbook - Second Edition: Over 80 recipes for machine learning in Python with scikit-learn,2017,1,OL7495671A,Julian Avila,1,0,,2026-10-07T14:33:38.800327+00:00,https://openlibrary.org/works/OL19543135W,Julian Avila,1,2019-04-05T02:41:22.190653+00:00,https://openlibrary.org/authors/OL7495671A,True
/works/OL19543145W,"Python Machine Learning: Machine Learning and Deep Learning with Python, scikit-learn, and TensorFlow, 2nd Edition",2017,1,OL7246580A,Sebastian Raschka,2,0,,2026-10-07T14:33:38.800327+00:00,https://openlibrary.org/works/OL19543145W,Sebastian Raschka,1,2015-10-21T01:55:11.273004+00:00,https://openlibrary.org/authors/OL7246580A,True
/works/OL19543146W,Deep Learning with PyTorch: A practical approach to building neural network models using PyTorch,2018,1,OL7495684A,Vishnu Subramanian,1,0,,2026-10-07T14:33:38.800327+00:00,https://openlibrary.org/works/OL19543146W,Vishnu Subramanian,1,2019-04-05T02:43:39.933337+00:00,https://openlibrary.org/authors/OL7495684A,True
/works/OL19543149W,IPython Interactive Computing and Visualization Cookbook - Second Edition,2018,1,OL7355829A,Cyrille Rossant,1,0,,2026-10-07T14:33:38.800327+00:00,https://openlibrary.org/works/OL19543149W,Cyrille Rossant,1,2016-10-19T08:39:49.061191+00:00,https://openlibrary.org/authors/OL7355829A,True
/works/OL19543154W,Practical Python AI Projects: Mathematical Models of Optimization Problems with Google OR-Tools,2018,1,OL7495687A,Serge Kruk,1,0,,2026-10-07T14:33:38.800327+00:00,https://openlibrary.org/works/OL19543154W,Serge Kruk,1,2019-04-05T02:45:12.118176+00:00,https://openlibrary.org/authors/OL7495687A,True
/works/OL19543170W,Learn Data Analysis with Python: Lessons in Coding,2018,1,OL7495698A,A.J. Henley,2,0,,2026-10-07T14:33:38.800327+00:00,https://openlibrary.org/works/OL19543170W,A.J. Henley,1,2019-04-05T02:48:49.831390+00:00,https://openlibrary.org/authors/OL7495698A,True
/works/OL19543173W,Foundations for Analytics with Python: From Non-Programmer to Hacker,2016,1,OL7495700A,Clinton W. Brownley,1,0,,2026-10-07T14:33:38.800327+00:00,https://openlibrary.org/works/OL19543173W,Clinton W. Brownley,1,2019-04-05T02:49:26.146702+00:00,https://openlibrary.org/authors/OL7495700A,True
/works/OL19543188W,Python for Everyone,2013,7,OL25278A,Cay S. Horstmann,2,1,eng,2026-10-07T14:33:38.800327+00:00,https://openlibrary.org/works/OL19543188W,Cay S. Horstmann,7,2025-11-18T16:14:43.332734+00:00,https://openlibrary.org/authors/OL25278A,True
/works/OL19543192W,Pandas Cookbook,2017,2,OL7494801A,Theodore Petrou,1,1,eng,2026-10-07T14:33:38.800327+00:00,https://openlibrary.org/works/OL19543192W,Theodore Petrou,1,2019-04-04T23:05:55.051694+00:00,https://openlibrary.org/authors/OL7494801A,True
/works/OL19543193W,"Statistical Application Development with R and Python - Second Edition: Develop applications using data processing, statistical models, and CART",2017,1,OL7494789A,Prabhanjan Narayanachar Tattar,1,0,,2026-10-07T14:33:38.800327+00:00,https://openlibrary.org/works/OL19543193W,Prabhanjan Narayanachar Tattar,1,2019-04-04T23:04:03.056196+00:00,https://openlibrary.org/authors/OL7494789A,True
/works/OL19543199W,Computer Vision with Python 3: Use the power of Python for real-time image processing and analysis,2017,1,OL7495718A,Saurabh Kapur,1,0,,2026-10-07T14:33:38.800327+00:00,https://openlibrary.org/works/OL19543199W,Saurabh Kapur,1,2019-04-05T02:54:26.691788+00:00,https://openlibrary.org/authors/OL7495718A,True
/works/OL19543218W,Practical Python Design Patterns: Pythonic Solutions to Common Problems,2017,1,OL7495729A,Wessel Badenhorst,1,0,,2026-10-07T14:33:38.800327+00:00,https://openlibrary.org/works/OL19543218W,Wessel Badenhorst,1,2019-04-05T02:58:24.684087+00:00,https://openlibrary.org/authors/OL7495729A,True
/works/OL19543219W,Python Natural Language Processing: Advanced machine learning and deep learning techniques for natural language processing,2017,1,OL7495407A,Jalaj Thanaki,1,0,,2026-10-07T14:33:38.800327+00:00,https://openlibrary.org/works/OL19543219W,Jalaj Thanaki,1,2019-04-05T01:41:04.049694+00:00,https://openlibrary.org/authors/OL7495407A,True
/works/OL19543224W,Beginning Programming with Python For Dummies,2018,1,OL2729664A,John Paul Mueller,1,0,,2026-10-07T14:33:38.800327+00:00,https://openlibrary.org/works/OL19543224W,John Paul Mueller,1,2008-04-29T13:35:46.876380+00:00,https://openlibrary.org/authors/OL2729664A,True
/works/OL19543226W,"Learning Concurrency in Python: Build highly efficient, robust, and concurrent applications",2017,1,OL953296A,Elliot Forbes,1,0,,2026-10-07T14:33:38.800327+00:00,https://openlibrary.org/works/OL19543226W,Elliot Forbes,2,2008-08-22T00:26:46.259199+00:00,https://openlibrary.org/authors/OL953296A,True
/works/OL19543230W,Beginning Django: Web Application Development and Deployment with Python,2017,1,OL7208868A,Daniel Rubio,1,0,,2026-10-07T14:33:38.800327+00:00,https://openlibrary.org/works/OL19543230W,Daniel Rubio,1,2014-07-29T13:31:32.229904+00:00,https://openlibrary.org/authors/OL7208868A,True
/works/OL19543258W,Python: Penetration Testing for Developers,2016,1,OL6390025A,Christopher Duffy,7,0,,2026-10-07T14:33:38.800327+00:00,https://openlibrary.org/works/OL19543258W,Christopher Duffy,1,2008-11-06T09:26:03.361831+00:00,https://openlibrary.org/authors/OL6390025A,True
/works/OL19543265W,The Blender Python API: Precision 3D Modeling and Add-on Development,2017,1,OL7495757A,Chris Conlan,1,0,,2026-10-07T14:33:38.800327+00:00,https://openlibrary.org/works/OL19543265W,Chris Conlan,1,2019-04-05T03:12:36.017812+00:00,https://openlibrary.org/authors/OL7495757A,True
/works/OL19543266W,Fundamentals of Python: First Programs,2018,1,OL24872A,Kenneth Alfred Lambert,1,0,,2026-10-07T14:33:38.800327+00:00,https://openlibrary.org/works/OL19543266W,Kenneth Alfred Lambert,3,2026-01-16T02:55:28.667006+00:00,https://openlibrary.org/authors/OL24872A,True
/works/OL19543278W,"OpenCV 3.x with Python By Example: Make the most of OpenCV and Python to build applications for object recognition and augmented reality, 2nd Edition",2018,2,OL1565244A,Gabriel Garrido,3,1,eng,2026-10-07T14:33:38.800327+00:00,https://openlibrary.org/works/OL19543278W,Gabriel Garrido,2,2008-09-01T02:07:42.186818+00:00,https://openlibrary.org/authors/OL1565244A,True
/works/OL19543279W,"Practical Time Series Analysis: Master Time Series Data Processing, Visualization, and Modeling using Python",2017,1,OL7495764A,Dr. Avishek Pal,2,0,,2026-10-07T14:33:38.800327+00:00,https://openlibrary.org/works/OL19543279W,Dr. Avishek Pal,1,2019-04-05T03:15:37.205276+00:00,https://openlibrary.org/authors/OL7495764A,True
